gadm_L3number,plate_number,province_upper,NUTS_level1,NUTS_level1_name,NUTS_level2,metropolitan,school_state_pre_21_22,school_private_pre_21_22,school_total_pre_21_22,school_state_ele_21_22,school_private_ele_21_22,school_total_ele_21_22,school_state_mid_21_22,school_private_mid_21_22,school_total_mid_21_22,school_state_high_21_22,school_private_high_21_22,school_total_high_21_22,state_total_school_21_22,private_total_school_21_22,total_school_21_22,school_state_pre_20_21,school_private_pre_20_21,school_total_pre_20_21,school_state_ele_20_21,school_private_ele_20_21,school_total_ele_20_21,school_state_mid_20_21,school_private_mid_20_21,school_total_mid_20_21,school_state_high_20_21,school_private_high_20_21,total_high_20_21,state_total_school_20_21,private_total_school_20_21,total_school_20_21,school_state_pre_19_20,school_private_pre_19_20,school_total_pre_19_20,school_state_ele_19_20,school_private_ele_19_20,school_total_ele_19_20,school_state_mid_19_20,school_private_mid_19_20,school_total_mid_19_20,school_state_high_19_20,school_private_high_19_20,school_total_high_19_20,state_total_school_19_20,private_total_school_19_20,total_school_19_20,school_state_pre_18_19,school_private_pre_18_19,school_total_pre_18_19,school_state_ele_18_19,school_private_ele_18_19,school_total_ele_18_19,school_state_mid_18_19,school_private_mid_18_19,school_total_mid_18_19,school_state_high_18_19,school_private_high_18_19,school_total_high_18_19,state_total_school_18_19,private_total_school_18_19,total_school_18_19,school_state_pre_17_18,school_private_pre_17_18,school_total_pre_17_18,school_state_ele_17_18,school_private_ele_17_18,school_total_ele_17_18,school_state_mid_17_18,school_private_mid_17_18,school_total_mid_17_18,school_state_high_17_18,school_private_high_17_18,school_total_high_17_18,state_total_school_17_18,private_total_school_17_18,total_school_17_18,school_state_pre_16_17,school_private_pre_16_17,school_total_pre_16_17,school_state_ele_16_17,school_private_ele_16_17,school_total_ele_16_17,school_state_mid_16_17,school_private_mid_16_17,school_total_mid_16_17,school_state_high_16_17,school_private_high_16_17,school_total_high_16_17,state_total_school_16_17,private_total_school_16_17,total_school_16_17,school_state_pre_15_16,school_private_pre_15_16,school_total_pre_15_16,school_state_ele_15_16,school_private_ele_15_16,school_total_ele_15_16,school_state_mid_15_16,school_private_mid_15_16,school_total_mid_15_16,school_state_high_15_16,school_private_high_15_16,school_total_high_15_16,state_total_school_15_16,private_total_school_15_16,total_school_15_16,school_state_pre_14_15,school_private_pre_14_15,school_total_pre_14_15,school_state_ele_14_15,school_private_ele_14_15,school_total_ele_14_15,school_state_mid_14_15,school_private_mid_14_15,school_total_mid_14_15,school_state_high_14_15,school_private_high_14_15,school_total_high_14_15,state_total_school_14_15,private_total_school_14_15,total_school_14_15,school_state_pre_13_14,school_private_pre_13_14,school_total_pre_13_14,school_state_ele_13_14,school_private_ele_13_14,school_total_ele_13_14,school_state_mid_13_14,school_private_mid_13_14,school_total_mid_13_14,school_state_high_13_14,school_private_high_13_14,school_total_high_13_14,state_total_school_13_14,private_total_school_13_14,total_school_13_14,state_total_school_12_13,private_total_school_12_13,total_school_12_13,state_total_school_02_03,private_total_school_02_03,total_school_02_03
1,1,ADANA,TR6,Akdeniz,TR62,1,134,130,264,475,32,507,343,41,384,233,68,301,1185,271,1456,94,117,211,472,32,504,343,39,382,231,76,307,1140,264,1404,97,122,219,477,33,510,342,41,383,231,79,310,1147,275,1422,103,121,224,476,26,502,340,37,377,212,82,294,1131,266,1397,93,118,211,488,24,512,338,34,372,202,75,277,1121,251,1372,97,103,200,502,20,522,332,25,357,192,69,261,1123,217,1340,99,67,166,527,23,550,327,27,354,174,73,247,1127,190,1317,68,29,97,550,20,570,346,19,365,173,50,223,1137,118,1255,61,60,121,581,20,601,346,17,363,224,46,270,1212,143,1355,1105,99,1204,177,68,245
2,2,ADIYAMAN,TRC,Güneydogu Anadolu,TRC1,0,71,30,101,393,10,403,219,13,232,95,21,116,778,74,852,47,19,66,395,8,403,219,11,230,94,23,117,755,61,816,48,25,73,413,6,419,241,9,250,94,21,115,796,61,857,47,14,61,424,5,429,241,7,248,92,17,109,804,43,847,53,17,70,432,5,437,239,6,245,91,12,103,815,40,855,43,16,59,465,4,469,199,5,204,86,12,98,793,37,830,42,12,54,477,3,480,192,3,195,81,13,94,792,31,823,36,10,46,512,3,515,204,3,207,79,7,86,831,23,854,33,7,40,544,3,547,218,3,221,83,7,90,878,20,898,812,12,824,55,4,59
3,3,AFYONKARAHISAR,TR3,Ege,TR33,0,105,34,139,343,10,353,275,12,287,125,18,143,848,74,922,56,26,82,350,9,359,276,10,286,125,18,143,807,63,870,57,31,88,355,10,365,280,10,290,126,17,143,818,68,886,70,27,97,355,9,364,282,9,291,124,21,145,831,66,897,54,27,81,365,8,373,276,10,286,123,17,140,818,62,880,58,26,84,369,7,376,276,9,285,125,11,136,828,53,881,39,19,58,372,9,381,267,14,281,113,16,129,791,58,849,28,15,43,372,8,380,265,7,272,109,11,120,774,41,815,23,12,35,374,6,380,260,4,264,128,6,134,785,28,813,663,22,685,111,5,116
4,4,AGRI,TRA,Kuzeydogu Anadolu,TRA2,0,46,7,53,584,4,588,266,5,271,73,7,80,969,23,992,36,5,41,576,4,580,260,5,265,72,7,79,944,21,965,29,5,34,580,4,584,262,5,267,71,7,78,942,21,963,27,6,33,585,3,588,258,3,261,69,6,75,939,18,957,30,5,35,602,2,604,258,2,260,66,6,72,956,15,971,29,3,32,611,2,613,224,2,226,62,5,67,926,12,938,28,2,30,629,3,632,220,3,223,55,5,60,932,13,945,28,0,28,636,3,639,209,3,212,54,1,55,927,7,934,26,0,26,647,2,649,203,2,205,57,0,57,933,4,937,882,4,886,30,0,30
5,68,AKSARAY,TR7,Orta Anadolu,TR71,0,63,22,85,190,6,196,132,7,139,62,19,81,447,54,501,44,19,63,191,6,197,134,7,141,62,20,82,431,52,483,47,17,64,194,6,200,131,7,138,60,19,79,432,49,481,43,18,61,193,5,198,132,6,138,62,14,76,430,43,473,44,16,60,208,4,212,134,5,139,63,12,75,449,37,486,36,13,49,213,3,216,135,4,139,61,11,72,445,31,476,23,10,33,220,4,224,133,4,137,55,14,69,431,32,463,18,7,25,223,4,227,131,4,135,53,7,60,425,22,447,17,6,23,218,3,221,142,3,145,61,7,68,438,19,457,388,14,402,50,4,54
6,5,AMASYA,TR8,Bati Karadeniz,TR83,0,45,20,65,113,6,119,92,6,98,61,11,72,311,43,354,38,10,48,112,6,118,94,6,100,61,11,72,305,33,338,36,15,51,114,6,120,96,7,103,62,11,73,308,39,347,32,15,47,113,6,119,98,7,105,62,14,76,305,42,347,31,13,44,112,5,117,103,8,111,62,8,70,308,34,342,27,11,38,114,3,117,95,5,100,62,6,68,298,25,323,17,9,26,127,4,131,90,5,95,55,8,63,289,26,315,12,5,17,130,4,134,90,4,94,54,2,56,286,15,301,12,6,18,134,4,138,90,4,94,72,2,74,308,16,324,257,12,269,51,5,56
7,6,ANKARA,TR5,Bati Anadolu,TR51,1,506,737,1243,633,246,879,582,275,857,493,418,911,2214,1676,3890,316,537,853,627,256,883,578,282,860,485,436,921,2006,1511,3517,355,553,908,618,251,869,584,287,871,483,463,946,2040,1554,3594,297,526,823,614,219,833,575,233,808,462,433,895,1948,1411,3359,249,521,770,618,202,820,575,214,789,441,354,795,1883,1291,3174,213,518,731,632,174,806,570,170,740,427,314,741,1842,1176,3018,126,358,484,642,170,812,546,171,717,384,332,716,1698,1031,2729,133,452,585,662,146,808,553,125,678,372,178,550,1720,901,2621,119,400,519,700,121,821,549,106,655,544,154,698,1912,781,2693,1363,570,1933,355,246,601
8,7,ANTALYA,TR6,Akdeniz,TR61,1,314,248,562,465,89,554,485,104,589,246,143,389,1510,584,2094,206,225,431,463,89,552,494,106,600,246,145,391,1409,565,1974,259,238,497,471,89,560,512,110,622,246,149,395,1488,586,2074,247,219,466,469,70,539,515,92,607,240,134,374,1471,515,1986,238,213,451,473,65,538,518,84,602,240,113,353,1469,475,1944,188,199,387,495,52,547,504,62,566,227,101,328,1414,414,1828,115,183,298,534,54,588,411,58,469,191,109,300,1251,404,1655,62,152,214,562,45,607,441,41,482,187,60,247,1252,298,1550,48,148,196,590,43,633,454,37,491,218,54,272,1310,282,1592,1085,216,1301,169,70,239
9,75,ARDAHAN,TRA,Kuzeydogu Anadolu,TRA2,0,14,2,16,77,0,77,56,0,56,28,0,28,175,2,177,12,1,13,77,0,77,55,0,55,27,0,27,171,1,172,9,1,10,76,0,76,54,0,54,27,0,27,166,1,167,8,1,9,76,0,76,54,0,54,26,0,26,164,1,165,10,1,11,77,0,77,54,0,54,26,0,26,167,1,168,9,1,10,88,0,88,56,0,56,26,0,26,179,1,180,7,1,8,90,1,91,57,1,58,24,0,24,178,3,181,6,1,7,94,1,95,58,1,59,23,0,23,181,3,184,6,1,7,92,1,93,57,1,58,28,0,28,183,3,186,209,1,210,25,0,25
10,8,ARTVIN,TR9,Dogu Karadeniz,TR90,0,24,8,32,49,0,49,55,0,55,42,1,43,170,9,179,21,5,26,49,0,49,55,0,55,41,1,42,166,6,172,21,5,26,49,0,49,56,0,56,40,1,41,166,6,172,20,5,25,52,0,52,60,0,60,43,2,45,175,7,182,17,6,23,52,0,52,60,0,60,44,2,46,173,8,181,17,4,21,57,0,57,60,0,60,44,2,46,178,6,184,11,3,14,59,1,60,59,1,60,41,2,43,170,7,177,11,3,14,62,1,63,64,1,65,41,0,41,178,5,183,10,3,13,67,1,68,64,1,65,51,0,51,192,5,197,155,6,161,97,1,98
11,9,AYDIN,TR3,Ege,TR32,1,78,86,164,314,25,339,216,29,245,134,45,179,742,185,927,62,59,121,312,26,338,216,30,246,135,48,183,725,163,888,66,76,142,315,26,341,218,29,247,133,49,182,732,180,912,58,66,124,314,24,338,217,27,244,131,45,176,720,162,882,55,64,119,322,22,344,220,26,246,128,38,166,725,150,875,49,59,108,328,19,347,219,24,243,121,36,157,717,138,855,40,43,83,335,19,354,215,26,241,105,45,150,695,133,828,40,39,79,352,18,370,218,18,236,100,22,122,710,97,807,40,36,76,360,15,375,217,14,231,132,18,150,749,83,832,607,63,670,108,15,123
12,10,BALIKESIR,TR2,Bati Marmara,TR22,1,101,120,221,303,21,324,228,32,260,145,42,187,777,215,992,85,106,191,306,20,326,228,31,259,145,43,188,764,200,964,83,109,192,310,20,330,233,30,263,145,45,190,771,204,975,77,103,180,316,17,333,235,21,256,143,35,178,771,176,947,62,96,158,325,18,343,235,19,254,143,31,174,765,164,929,55,78,133,341,12,353,239,14,253,145,31,176,780,135,915,38,55,93,354,14,368,232,14,246,130,37,167,754,120,874,35,54,89,390,12,402,233,11,244,136,18,154,794,95,889,32,27,59,417,11,428,256,10,266,183,15,198,888,63,951,783,67,850,128,26,154
13,74,BARTIN,TR8,Bati Karadeniz,TR81,0,30,8,38,61,3,64,42,3,45,30,3,33,163,17,180,27,7,34,62,3,65,42,3,45,32,3,35,163,16,179,23,7,30,63,2,65,44,3,47,32,3,35,162,15,177,24,7,31,63,2,65,44,3,47,31,4,35,162,16,178,18,5,23,65,2,67,45,2,47,31,3,34,159,12,171,13,5,18,66,2,68,47,2,49,30,2,32,156,11,167,10,4,14,72,3,75,47,3,50,26,4,30,155,14,169,6,4,10,73,3,76,47,3,50,26,1,27,152,11,163,6,3,9,75,3,78,47,3,50,35,1,36,163,10,173,130,7,137,36,2,38
14,72,BATMAN,TRC,Güneydogu Anadolu,TRC3,0,76,16,92,330,8,338,184,8,192,76,21,97,666,53,719,52,10,62,337,8,345,183,8,191,75,21,96,647,47,694,60,8,68,360,7,367,186,7,193,76,19,95,682,41,723,52,12,64,383,8,391,184,9,193,72,21,93,691,50,741,41,18,59,392,9,401,177,9,186,68,20,88,678,56,734,38,13,51,391,9,400,173,8,181,60,20,80,662,50,712,35,7,42,396,9,405,167,8,175,55,22,77,653,46,699,33,8,41,399,8,407,162,7,169,51,12,63,645,35,680,29,5,34,402,7,409,168,6,174,52,8,60,651,26,677,600,17,617,27,0,27
15,69,BAYBURT,TRA,Kuzeydogu Anadolu,TRA1,0,19,2,21,43,1,44,54,1,55,17,0,17,133,4,137,11,1,12,43,1,44,56,1,57,16,0,16,126,3,129,10,2,12,44,1,45,56,1,57,17,0,17,127,4,131,10,2,12,44,1,45,58,1,59,17,0,17,129,4,133,13,1,14,45,1,46,58,1,59,17,0,17,133,3,136,12,1,13,45,1,46,58,1,59,17,0,17,132,3,135,8,1,9,62,1,63,58,1,59,16,0,16,144,3,147,7,1,8,84,1,85,34,1,35,15,0,15,140,3,143,6,1,7,87,1,88,33,0,33,18,0,18,144,2,146,129,2,131,17,0,17
16,11,BILECIK,TR4,Dogu Marmara,TR41,0,24,12,36,50,3,53,46,2,48,41,2,43,161,19,180,19,12,31,50,3,53,49,2,51,41,2,43,159,19,178,17,10,27,54,3,57,52,2,54,44,2,46,167,17,184,18,13,31,55,1,56,54,0,54,45,3,48,172,17,189,17,14,31,57,2,59,56,1,57,46,4,50,176,21,197,16,8,24,57,2,59,55,1,56,43,4,47,171,15,186,14,8,22,57,3,60,51,2,53,40,5,45,162,18,180,10,5,15,57,3,60,51,2,53,40,0,40,158,10,168,10,2,12,61,2,63,51,2,53,55,0,55,177,6,183,122,5,127,59,1,60
17,12,BINGOL,TRB,Ortadogu Anadolu,TRB1,0,32,14,46,186,3,189,96,4,100,46,9,55,360,30,390,21,8,29,187,2,189,97,4,101,44,9,53,349,23,372,22,5,27,199,2,201,101,3,104,44,8,52,366,18,384,19,4,23,199,2,201,101,2,103,43,8,51,362,16,378,19,3,22,207,1,208,101,1,102,44,6,50,371,11,382,17,3,20,226,1,227,88,1,89,42,6,48,373,11,384,16,2,18,257,2,259,88,2,90,36,7,43,397,13,410,15,1,16,273,1,274,89,1,90,35,1,36,412,4,416,14,1,15,284,1,285,88,1,89,38,0,38,424,3,427,384,3,387,28,0,28
18,13,BITLIS,TRB,Ortadogu Anadolu,TRB2,0,53,2,55,412,0,412,200,2,202,63,4,67,728,8,736,36,1,37,406,0,406,198,2,200,64,4,68,704,7,711,33,3,36,425,1,426,198,3,201,64,4,68,720,11,731,36,2,38,434,1,435,192,3,195,58,5,63,720,11,731,29,4,33,442,1,443,191,4,195,58,5,63,720,14,734,27,4,31,445,1,446,171,3,174,52,5,57,695,13,708,26,0,26,455,2,457,168,4,172,49,5,54,698,11,709,23,7,30,459,2,461,159,1,160,48,1,49,689,11,700,22,4,26,465,1,466,148,1,149,58,1,59,693,7,700,600,7,607,35,0,35
19,14,BOLU,TR4,Dogu Marmara,TR42,0,29,18,47,61,5,66,63,7,70,49,6,55,202,36,238,24,15,39,64,4,68,64,7,71,50,8,58,202,34,236,24,16,40,65,4,69,66,7,73,51,10,61,206,37,243,21,14,35,66,4,70,67,7,74,48,12,60,202,37,239,21,11,32,68,4,72,82,7,89,47,11,58,218,33,251,19,8,27,72,3,75,72,4,76,46,6,52,209,21,230,18,7,25,74,3,77,71,4,75,42,5,47,205,19,224,15,6,21,74,3,77,66,4,70,43,2,45,198,15,213,13,7,20,76,2,78,69,2,71,55,1,56,213,12,225,154,11,165,51,1,52
20,15,BURDUR,TR6,Akdeniz,TR61,0,37,10,47,85,2,87,87,2,89,54,7,61,263,21,284,31,6,37,85,2,87,87,2,89,53,7,60,256,17,273,28,6,34,86,2,88,86,2,88,52,8,60,252,18,270,26,8,34,88,2,90,86,2,88,51,5,56,251,17,268,24,8,32,93,2,95,93,2,95,51,6,57,261,18,279,20,9,29,102,2,104,94,2,96,48,5,53,264,18,282,17,6,23,107,3,110,87,3,90,46,6,52,257,18,275,15,4,19,115,2,117,86,2,88,46,2,48,262,10,272,14,4,18,121,2,123,85,2,87,55,2,57,275,10,285,222,6,228,51,2,53
21,16,BURSA,TR4,Dogu Marmara,TR41,1,216,281,497,410,91,501,417,104,521,257,170,427,1300,646,1946,136,273,409,412,88,500,419,110,529,258,181,439,1225,652,1877,147,266,413,414,85,499,425,106,531,256,180,436,1242,637,1879,178,247,425,415,78,493,426,90,516,251,164,415,1270,579,1849,164,229,393,414,65,479,427,82,509,246,140,386,1251,516,1767,112,194,306,424,54,478,418,61,479,241,109,350,1195,418,1613,70,156,226,452,51,503,419,58,477,217,108,325,1158,373,1531,55,138,193,517,40,557,476,37,513,211,55,266,1259,270,1529,55,128,183,540,39,579,470,35,505,316,41,357,1381,243,1624,1061,172,1233,184,59,243
22,17,CANAKKALE,TR2,Bati Marmara,TR22,0,66,43,109,119,10,129,96,12,108,80,24,104,361,89,450,40,43,83,119,10,129,98,11,109,82,25,107,339,89,428,41,46,87,118,9,127,101,10,111,82,23,105,342,88,430,34,47,81,117,7,124,99,8,107,83,12,95,333,74,407,35,35,70,118,6,124,99,6,105,84,9,93,336,56,392,28,26,54,131,5,136,94,6,100,85,9,94,338,46,384,23,16,39,141,6,147,97,7,104,76,9,85,337,38,375,21,14,35,150,5,155,96,4,100,78,4,82,345,27,372,18,14,32,155,5,160,99,4,103,110,4,114,382,27,409,278,19,297,73,6,79
23,18,CANKIRI,TR8,Bati Karadeniz,TR82,0,33,6,39,53,1,54,50,1,51,35,3,38,171,11,182,18,6,24,53,1,54,50,1,51,35,3,38,156,11,167,15,6,21,56,1,57,54,1,55,37,3,40,162,11,173,15,6,21,56,1,57,54,1,55,37,2,39,162,10,172,14,5,19,59,2,61,53,1,54,37,1,38,163,9,172,15,3,18,62,1,63,54,0,54,37,1,38,168,5,173,14,2,16,69,2,71,49,1,50,34,1,35,166,6,172,13,0,13,71,1,72,48,1,49,34,0,34,166,2,168,13,1,14,73,1,74,48,1,49,41,0,41,175,3,178,139,3,142,43,0,43
24,19,CORUM,TR8,Bati Karadeniz,TR83,0,59,21,80,162,9,171,141,8,149,85,19,104,447,57,504,37,17,54,163,9,172,142,8,150,86,19,105,428,53,481,44,19,63,175,8,183,148,9,157,86,21,107,453,57,510,45,18,63,199,7,206,149,6,155,84,20,104,477,51,528,37,17,54,207,6,213,151,5,156,84,22,106,479,50,529,28,14,42,226,6,232,149,6,155,86,19,105,489,45,534,22,12,34,253,5,258,154,6,160,79,21,100,508,44,552,19,11,30,255,4,259,143,4,147,73,10,83,490,29,519,18,8,26,281,3,284,145,3,148,84,11,95,528,25,553,448,16,464,68,7,75
25,20,DENIZLI,TR3,Ege,TR32,1,134,86,220,256,24,280,227,29,256,135,44,179,752,183,935,107,76,183,257,23,280,225,31,256,134,50,184,723,180,903,121,82,203,259,25,284,230,33,263,131,54,185,741,194,935,118,78,196,262,21,283,228,28,256,124,48,172,732,175,907,110,70,180,271,19,290,231,26,257,124,46,170,736,161,897,74,61,135,281,15,296,230,22,252,118,37,155,703,135,838,66,62,128,290,15,305,227,24,251,105,45,150,688,146,834,55,53,108,300,13,313,227,14,241,105,23,128,687,103,790,54,46,100,310,11,321,233,10,243,136,15,151,733,82,815,595,60,655,93,20,113
26,21,DIYARBAKIR,TRC,Güneydogu Anadolu,TRC2,1,227,41,268,834,34,868,457,37,494,186,76,262,1704,188,1892,112,23,135,842,35,877,491,37,528,183,83,266,1628,178,1806,169,26,195,827,37,864,478,41,519,178,79,257,1652,183,1835,157,22,179,836,34,870,475,36,511,164,81,245,1632,173,1805,154,35,189,884,33,917,474,34,508,162,55,217,1674,157,1831,78,22,100,940,26,966,381,27,408,152,49,201,1551,124,1675,61,15,76,955,25,980,368,28,396,130,46,176,1514,114,1628,47,18,65,975,19,994,359,15,374,118,25,143,1499,77,1576,37,16,53,975,15,990,342,12,354,128,20,148,1482,63,1545,1374,42,1416,76,14,90
27,81,DUZCE,TR4,Dogu Marmara,TR42,0,86,23,109,100,7,107,96,8,104,53,11,64,335,49,384,72,21,93,102,7,109,97,7,104,51,12,63,322,47,369,80,20,100,103,7,110,100,7,107,50,12,62,333,46,379,75,16,91,105,6,111,101,7,108,50,9,59,331,38,369,60,16,76,105,5,110,100,7,107,50,8,58,315,36,351,51,13,64,108,5,113,98,6,104,46,7,53,303,31,334,34,11,45,141,4,145,100,4,104,43,10,53,318,29,347,25,11,36,153,4,157,105,3,108,42,6,48,325,24,349,22,11,33,165,3,168,112,3,115,54,5,59,353,22,375,297,12,309,50,1,51
28,22,EDIRNE,TR2,Bati Marmara,TR21,0,32,18,50,92,10,102,86,12,98,56,18,74,266,58,324,25,18,43,95,11,106,86,13,99,56,20,76,262,62,324,22,23,45,97,10,107,86,11,97,55,20,75,260,64,324,20,24,44,101,7,108,85,6,91,55,15,70,261,52,313,18,20,38,103,7,110,88,7,95,56,14,70,265,48,313,17,16,33,106,5,111,86,5,91,55,12,67,264,38,302,14,13,27,111,7,118,87,8,95,50,15,65,262,43,305,14,13,27,119,6,125,89,5,94,51,7,58,273,31,304,12,8,20,128,4,132,93,4,97,72,5,77,305,21,326,233,16,249,52,2,54
29,23,ELAZIG,TRB,Ortadogu Anadolu,TRB1,0,58,42,100,171,10,181,133,10,143,78,23,101,440,85,525,50,40,90,176,10,186,132,11,143,78,24,102,436,85,521,41,36,77,178,9,187,135,11,146,79,24,103,433,80,513,40,32,72,179,8,187,133,8,141,77,21,98,429,69,498,30,31,61,189,8,197,126,7,133,78,13,91,423,59,482,25,29,54,203,8,211,124,6,130,77,11,88,429,54,483,25,25,50,214,9,223,122,7,129,72,15,87,433,56,489,24,14,38,233,7,240,123,5,128,72,7,79,452,33,485,24,14,38,249,7,256,124,5,129,84,8,92,481,34,515,418,25,443,52,4,56
30,24,ERZINCAN,TRA,Kuzeydogu Anadolu,TRA1,0,60,9,69,83,2,85,66,4,70,46,7,53,255,22,277,47,8,55,84,2,86,65,4,69,45,7,52,241,21,262,48,8,56,85,2,87,67,4,71,46,7,53,246,21,267,45,8,53,88,3,91,69,4,73,45,7,52,247,22,269,42,10,52,89,3,92,71,4,75,45,7,52,247,24,271,40,7,47,102,3,105,70,4,74,45,6,51,257,20,277,25,5,30,109,4,113,67,4,71,45,7,52,246,20,266,19,6,25,113,2,115,69,2,71,43,1,44,244,11,255,15,4,19,122,2,124,72,2,74,55,2,57,264,10,274,214,9,223,54,2,56
31,25,ERZURUM,TRA,Kuzeydogu Anadolu,TRA1,1,92,41,133,643,7,650,318,11,329,124,18,142,1177,77,1254,64,27,91,639,7,646,313,12,325,121,20,141,1137,66,1203,75,30,105,648,7,655,322,12,334,121,18,139,1166,67,1233,70,25,95,647,7,654,322,11,333,119,16,135,1158,59,1217,66,31,97,672,5,677,324,9,333,118,14,132,1180,59,1239,59,34,93,710,4,714,319,6,325,115,13,128,1203,57,1260,58,25,83,770,5,775,318,8,326,100,17,117,1246,55,1301,34,21,55,793,5,798,316,5,321,99,8,107,1242,39,1281,32,16,48,829,6,835,308,5,313,119,7,126,1288,34,1322,1193,26,1219,100,6,106
32,26,ESKISEHIR,TR4,Dogu Marmara,TR41,1,92,56,148,138,14,152,124,14,138,92,32,124,446,116,562,80,54,134,138,14,152,123,15,138,92,35,127,433,118,551,79,56,135,138,13,151,124,14,138,93,37,130,434,120,554,68,55,123,140,14,154,124,14,138,90,30,120,422,113,535,64,51,115,142,13,155,125,14,139,93,30,123,424,108,532,47,40,87,145,8,153,116,11,127,91,25,116,399,84,483,34,35,69,150,8,158,114,11,125,84,31,115,382,85,467,34,31,65,155,7,162,113,7,120,83,12,95,385,57,442,36,26,62,161,6,167,115,6,121,111,13,124,423,51,474,313,37,350,81,16,97
33,27,GAZIANTEP,TRC,Güneydogu Anadolu,TRC1,1,184,69,253,535,36,571,371,37,408,224,83,307,1314,225,1539,95,40,135,518,34,552,356,36,392,218,91,309,1187,201,1388,104,41,145,505,31,536,344,35,379,217,91,308,1170,198,1368,103,46,149,504,27,531,336,32,368,197,78,275,1140,183,1323,96,43,139,505,19,524,336,24,360,192,51,243,1129,137,1266,87,40,127,514,16,530,331,20,351,172,47,219,1104,123,1227,63,19,82,525,17,542,308,21,329,153,56,209,1049,113,1162,54,39,93,533,15,548,307,14,321,143,33,176,1037,101,1138,42,35,77,539,13,552,297,13,310,173,33,206,1051,94,1145,902,62,964,90,26,116
34,28,GIRESUN,TR9,Dogu Karadeniz,TR90,0,59,15,74,111,3,114,122,3,125,87,10,97,379,31,410,41,11,52,114,3,117,136,3,139,86,11,97,377,28,405,51,16,67,113,3,116,135,3,138,88,10,98,387,32,419,50,16,66,113,2,115,135,2,137,89,9,98,387,29,416,47,16,63,119,2,121,143,2,145,89,10,99,398,30,428,45,13,58,130,1,131,138,1,139,88,9,97,401,24,425,37,10,47,137,2,139,134,2,136,82,6,88,390,20,410,23,7,30,148,2,150,132,2,134,81,2,83,384,13,397,22,6,28,155,2,157,128,2,130,105,3,108,410,13,423,301,9,310,68,4,72
35,29,GUMUSHANE,TR9,Dogu Karadeniz,TR90,0,21,3,24,55,1,56,50,2,52,32,2,34,158,8,166,14,2,16,54,1,55,50,2,52,31,2,33,149,7,156,12,3,15,53,1,54,54,2,56,32,2,34,151,8,159,13,3,16,56,1,57,65,1,66,32,1,33,166,6,172,13,1,14,56,1,57,64,1,65,32,1,33,165,4,169,9,0,9,61,1,62,62,1,63,32,1,33,164,3,167,8,0,8,79,2,81,57,2,59,27,1,28,171,5,176,7,0,7,93,1,94,46,1,47,28,0,28,174,2,176,7,0,7,109,1,110,48,1,49,33,0,33,197,2,199,162,2,164,25,1,26
36,30,HAKKARI,TRB,Ortadogu Anadolu,TRB2,0,24,3,27,210,1,211,131,1,132,47,10,57,412,15,427,24,0,24,209,1,210,120,1,121,46,9,55,399,11,410,24,0,24,211,1,212,107,1,108,44,9,53,386,11,397,24,0,24,211,1,212,106,2,108,42,6,48,383,9,392,24,1,25,209,1,210,93,2,95,39,4,43,365,8,373,22,1,23,221,0,221,95,1,96,39,3,42,377,5,382,22,0,22,261,2,263,89,3,92,34,4,38,406,9,415,21,0,21,281,2,283,83,2,85,33,1,34,418,5,423,20,0,20,293,2,295,79,2,81,39,1,40,431,5,436,384,4,388,20,0,20
37,31,HATAY,TR6,Akdeniz,TR63,1,148,112,260,566,23,589,431,33,464,174,71,245,1319,239,1558,93,80,173,566,24,590,430,36,466,174,82,256,1263,222,1485,116,91,207,567,24,591,432,37,469,169,83,252,1284,235,1519,113,83,196,552,24,576,419,34,453,158,82,240,1242,223,1465,114,88,202,549,23,572,415,33,448,156,72,228,1234,216,1450,81,70,151,548,19,567,414,26,440,150,59,209,1193,174,1367,72,54,126,542,19,561,411,28,439,132,64,196,1157,165,1322,57,41,98,542,14,556,406,15,421,125,31,156,1130,101,1231,51,30,81,570,12,582,423,12,435,148,28,176,1192,82,1274,1051,64,1115,118,20,138
38,76,IGDIR,TRA,Kuzeydogu Anadolu,TRA2,0,25,6,31,137,2,139,87,5,92,30,7,37,279,20,299,19,5,24,137,2,139,88,4,92,30,7,37,274,18,292,18,4,22,136,2,138,89,4,93,30,7,37,273,17,290,17,5,22,136,2,138,91,3,94,29,6,35,273,16,289,14,3,17,136,2,138,90,3,93,31,6,37,271,14,285,14,2,16,140,2,142,91,3,94,28,6,34,273,13,286,14,3,17,141,2,143,74,3,77,24,5,29,253,13,266,10,2,12,142,2,144,71,3,74,24,2,26,247,9,256,10,2,12,144,2,146,72,2,74,30,1,31,256,7,263,227,4,231,12,1,13
39,32,ISPARTA,TR6,Akdeniz,TR61,0,55,30,85,162,7,169,124,9,133,80,12,92,421,58,479,45,23,68,162,6,168,125,9,134,79,12,91,411,50,461,47,23,70,160,6,166,129,9,138,81,12,93,417,50,467,38,25,63,160,5,165,133,7,140,80,9,89,411,46,457,36,22,58,160,5,165,128,7,135,80,9,89,404,43,447,31,20,51,164,4,168,127,6,133,79,9,88,401,39,440,29,20,49,170,3,173,127,6,133,74,17,91,400,46,446,29,15,44,182,3,185,140,3,143,73,11,84,424,32,456,31,10,41,185,2,187,137,2,139,100,9,109,453,23,476,353,15,368,88,2,90
40,34,ISTANBUL,TR1,Istanbul,TR10,1,827,1700,2527,1056,577,1633,1155,614,1769,943,805,1748,3981,3696,7677,517,1676,2193,1050,587,1637,1149,636,1785,946,839,1785,3662,3738,7400,622,1722,2344,1045,555,1600,1146,645,1791,945,903,1848,3758,3825,7583,515,1648,2163,1039,544,1583,1130,600,1730,901,901,1802,3585,3693,7278,392,1602,1994,1042,499,1541,1118,549,1667,888,774,1662,3440,3424,6864,316,1448,1764,1046,421,1467,1078,454,1532,821,698,1519,3261,3021,6282,230,1281,1511,1068,402,1470,1082,432,1514,732,751,1483,3112,2866,5978,128,1240,1368,1152,370,1522,1159,328,1487,716,469,1185,3155,2407,5562,111,1112,1223,1301,324,1625,1346,286,1632,984,444,1428,3742,2166,5908,2673,1553,4226,551,603,1154
41,35,IZMIR,TR3,Ege,TR31,1,226,488,714,672,138,810,537,149,686,356,208,564,1791,983,2774,135,464,599,673,144,817,535,151,686,356,215,571,1699,974,2673,168,492,660,672,140,812,539,150,689,359,210,569,1738,992,2730,146,468,614,672,127,799,537,132,669,356,206,562,1711,933,2644,143,461,604,676,115,791,529,120,649,354,155,509,1702,851,2553,114,411,525,687,91,778,527,96,623,341,137,478,1669,735,2404,84,330,414,697,92,789,509,102,611,310,168,478,1600,692,2292,80,260,340,713,73,786,513,71,584,305,89,394,1611,493,2104,77,294,371,752,59,811,516,55,571,450,77,527,1795,485,2280,1339,395,1734,262,198,460
42,46,KAHRAMANMARAS,TR6,Akdeniz,TR63,1,86,44,130,437,16,453,305,21,326,156,40,196,984,121,1105,53,29,82,446,15,461,307,21,328,150,48,198,956,113,1069,56,40,96,462,15,477,306,20,326,147,43,190,971,118,1089,55,39,94,458,15,473,305,18,323,142,38,180,960,110,1070,50,36,86,481,10,491,305,14,319,135,32,167,971,92,1063,48,19,67,505,6,511,307,11,318,128,25,153,988,61,1049,34,16,50,542,11,553,298,11,309,116,29,145,990,67,1057,35,10,45,576,11,587,298,8,306,110,17,127,1019,46,1065,33,10,43,628,11,639,297,10,307,124,19,143,1082,50,1132,968,35,1003,96,7,103
43,78,KARABUK,TR8,Bati Karadeniz,TR81,0,46,9,55,54,5,59,69,5,74,40,7,47,209,26,235,32,4,36,54,5,59,67,5,72,40,7,47,193,21,214,42,4,46,57,5,62,73,6,79,40,7,47,212,22,234,35,4,39,58,4,62,71,4,75,40,6,46,204,18,222,39,4,43,55,3,58,70,4,74,40,5,45,204,16,220,40,4,44,56,3,59,71,3,74,40,4,44,207,14,221,20,4,24,56,3,59,65,3,68,37,5,42,178,15,193,9,3,12,57,2,59,63,2,65,37,2,39,166,9,175,8,3,11,59,2,61,63,2,65,45,2,47,175,9,184,128,6,134,31,1,32
44,70,KARAMAN,TR5,Bati Anadolu,TR52,0,30,12,42,87,5,92,71,6,77,43,9,52,231,32,263,24,8,32,86,5,91,72,6,78,43,9,52,225,28,253,25,10,35,86,4,90,73,5,78,44,8,52,228,27,255,23,8,31,86,4,90,74,5,79,44,6,50,227,23,250,22,8,30,84,4,88,70,4,74,44,6,50,220,22,242,18,7,25,87,4,91,71,4,75,44,6,50,220,21,241,16,7,23,88,5,93,69,5,74,40,5,45,213,22,235,14,3,17,103,4,107,69,3,72,41,0,41,227,10,237,13,3,16,124,4,128,67,3,70,49,0,49,253,10,263,215,12,227,37,2,39
45,36,KARS,TRA,Kuzeydogu Anadolu,TRA2,0,27,9,36,353,3,356,160,4,164,44,5,49,584,21,605,19,4,23,345,3,348,161,4,165,45,5,50,570,16,586,22,5,27,346,3,349,166,4,170,46,5,51,580,17,597,20,7,27,347,3,350,167,4,171,45,5,50,579,19,598,19,7,26,360,2,362,169,3,172,45,4,49,593,16,609,18,6,24,361,2,363,166,3,169,44,4,48,589,15,604,17,1,18,370,3,373,163,4,167,42,4,46,592,12,604,18,0,18,388,3,391,160,3,163,41,3,44,607,9,616,16,1,17,392,3,395,157,3,160,46,2,48,611,9,620,571,7,578,34,1,35
46,37,KASTAMONU,TR8,Bati Karadeniz,TR82,0,58,16,74,100,4,104,100,4,104,73,8,81,331,32,363,32,12,44,101,3,104,100,4,104,73,7,80,306,26,332,34,14,48,110,3,113,105,4,109,74,7,81,323,28,351,37,13,50,113,3,116,105,3,108,75,6,81,330,25,355,30,12,42,115,4,119,106,3,109,77,5,82,328,24,352,25,11,36,123,3,126,107,3,110,76,5,81,331,22,353,21,9,30,146,3,149,103,3,106,67,5,72,337,20,357,15,9,24,157,3,160,99,3,102,65,2,67,336,17,353,13,7,20,181,3,184,95,3,98,79,1,80,368,14,382,304,11,315,85,0,85
47,38,KAYSERI,TR7,Orta Anadolu,TR72,1,83,72,155,368,25,393,317,28,345,172,46,218,940,171,1111,72,68,140,369,23,392,317,28,345,171,46,217,929,165,1094,72,71,143,370,21,391,317,27,344,174,49,223,933,168,1101,73,72,145,371,22,393,325,22,347,172,50,222,941,166,1107,71,68,139,374,21,395,314,23,337,172,47,219,931,159,1090,69,56,125,385,16,401,296,18,314,174,37,211,924,127,1051,64,57,121,400,19,419,270,27,297,148,47,195,882,150,1032,48,52,100,411,16,427,256,16,272,142,24,166,857,108,965,45,44,89,422,18,440,260,18,278,181,25,206,908,105,1013,763,78,841,123,18,141
48,79,KILIS,TRC,Güneydogu Anadolu,TRC1,0,27,7,34,89,4,93,44,4,48,29,4,33,189,19,208,14,3,17,89,4,93,43,4,47,27,4,31,173,15,188,18,4,22,90,3,93,44,3,47,25,2,27,177,12,189,20,4,24,89,1,90,42,2,44,23,0,23,174,7,181,18,3,21,91,1,92,42,2,44,22,0,22,173,6,179,19,3,22,95,1,96,40,2,42,22,0,22,176,6,182,17,3,20,89,2,91,34,3,37,17,0,17,157,8,165,11,1,12,96,2,98,35,2,37,17,0,17,159,5,164,10,2,12,99,2,101,36,2,38,22,0,22,167,6,173,144,5,149,20,0,20
49,71,KIRIKKALE,TR7,Orta Anadolu,TR71,0,43,16,59,65,9,74,58,9,67,46,12,58,212,46,258,39,15,54,64,11,75,59,12,71,47,15,62,209,53,262,41,16,57,67,9,76,65,11,76,47,15,62,220,51,271,36,13,49,69,9,78,66,11,77,47,17,64,218,50,268,28,11,39,74,8,82,67,9,76,47,13,60,216,41,257,26,11,37,79,8,87,69,7,76,49,12,61,223,38,261,15,9,24,82,9,91,65,9,74,44,16,60,206,43,249,15,7,22,89,7,96,66,7,73,45,8,53,215,29,244,12,8,20,90,6,96,63,6,69,53,6,59,218,26,244,162,20,182,51,7,58
50,39,KIRKLARELI,TR2,Bati Marmara,TR21,0,41,17,58,76,6,82,65,8,73,49,11,60,231,42,273,31,16,47,76,6,82,67,8,75,48,12,60,222,42,264,35,19,54,75,6,81,66,8,74,48,11,59,224,44,268,29,14,43,78,5,83,71,6,77,52,8,60,230,33,263,20,12,32,80,3,83,72,5,77,52,7,59,224,27,251,13,11,24,81,2,83,72,3,75,50,6,56,216,22,238,13,9,22,87,4,91,70,5,75,44,7,51,214,25,239,12,7,19,95,5,100,72,5,77,43,3,46,222,20,242,11,8,19,97,4,101,72,3,75,55,2,57,235,17,252,183,12,195,55,4,59
51,40,KIRSEHIR,TR7,Orta Anadolu,TR71,0,26,7,33,61,3,64,56,4,60,48,9,57,191,23,214,21,7,28,64,3,67,57,4,61,48,10,58,190,24,214,22,6,28,65,3,68,57,3,60,47,12,59,191,24,215,20,6,26,70,3,73,66,3,69,50,10,60,206,22,228,18,6,24,72,3,75,68,3,71,49,8,57,207,20,227,17,3,20,78,3,81,72,3,75,48,8,56,215,17,232,16,4,20,80,3,83,69,4,73,43,9,52,208,20,228,14,4,18,81,2,83,66,2,68,40,4,44,201,12,213,14,1,15,89,2,91,74,2,76,50,3,53,227,8,235,183,5,188,53,3,56
52,41,KOCAELI,TR4,Dogu Marmara,TR42,1,289,160,449,296,57,353,306,63,369,190,109,299,1081,389,1470,256,157,413,295,54,349,304,62,366,191,105,296,1046,378,1424,260,161,421,294,54,348,301,59,360,191,105,296,1046,379,1425,256,147,403,291,49,340,298,50,348,179,81,260,1024,327,1351,240,139,379,287,39,326,296,44,340,170,62,232,993,284,1277,205,111,316,289,35,324,283,36,319,164,55,219,941,237,1178,147,83,230,289,39,328,269,41,310,149,63,212,854,226,1080,40,80,120,290,32,322,266,26,292,149,35,184,745,173,918,33,70,103,287,32,319,262,26,288,217,32,249,799,160,959,567,124,691,149,25,174
53,42,KONYA,TR5,Bati Anadolu,TR52,1,291,136,427,664,45,709,521,51,572,297,80,377,1773,312,2085,206,88,294,671,48,719,530,53,583,299,83,382,1706,272,1978,208,100,308,682,46,728,542,52,594,295,79,374,1727,277,2004,202,104,306,691,38,729,553,41,594,291,75,366,1737,258,1995,210,123,333,701,34,735,558,43,601,280,68,348,1749,268,2017,171,113,284,734,28,762,560,31,591,272,59,331,1737,231,1968,84,56,140,753,33,786,546,35,581,254,59,313,1637,183,1820,51,90,141,778,29,807,521,28,549,244,32,276,1594,179,1773,47,81,128,787,27,814,505,27,532,305,31,336,1644,166,1810,1344,137,1481,257,25,282
54,43,KUTAHYA,TR3,Ege,TR33,0,71,41,112,184,16,200,144,15,159,91,12,103,490,84,574,45,36,81,190,17,207,148,16,164,97,13,110,480,82,562,53,31,84,196,17,213,155,15,170,99,14,113,503,77,580,52,33,85,199,13,212,159,14,173,98,10,108,508,70,578,46,27,73,205,13,218,158,12,170,98,8,106,507,60,567,37,19,56,213,11,224,154,10,164,96,5,101,500,45,545,37,19,56,221,12,233,150,11,161,88,9,97,496,51,547,22,15,37,236,10,246,154,10,164,88,5,93,500,40,540,22,13,35,244,11,255,154,10,164,115,5,120,535,39,574,417,31,448,82,4,86
55,44,MALATYA,TRB,Ortadogu Anadolu,TRB1,1,102,44,146,261,16,277,219,21,240,113,47,160,695,128,823,71,39,110,263,16,279,221,20,241,117,48,165,672,123,795,71,42,113,284,17,301,225,21,246,118,51,169,698,131,829,71,44,115,288,18,306,223,22,245,116,42,158,698,126,824,66,43,109,302,14,316,226,19,245,115,32,147,709,108,817,49,39,88,311,10,321,216,14,230,106,31,137,682,94,776,40,27,67,344,10,354,206,14,220,100,37,137,690,88,778,36,29,65,372,9,381,217,10,227,99,20,119,724,68,792,35,25,60,410,8,418,217,9,226,119,15,134,781,57,838,686,34,720,95,11,106
56,45,MANISA,TR3,Ege,TR33,1,135,78,213,440,25,465,306,25,331,160,43,203,1041,171,1212,92,66,158,441,23,464,304,25,329,162,46,208,999,160,1159,83,75,158,444,25,469,306,28,334,158,46,204,991,174,1165,76,64,140,448,24,472,305,25,330,160,47,207,989,160,1149,58,55,113,464,19,483,304,24,328,161,36,197,987,134,1121,53,56,109,481,13,494,301,19,320,159,31,190,994,119,1113,44,45,89,499,21,520,293,28,321,143,41,184,979,135,1114,40,41,81,529,16,545,315,17,332,142,19,161,1026,93,1119,38,34,72,549,16,565,320,16,336,199,20,219,1106,86,1192,941,59,1000,129,26,155
57,47,MARDIN,TRC,Güneydogu Anadolu,TRC3,1,79,38,117,595,9,604,316,13,329,115,34,149,1105,94,1199,47,11,58,592,9,601,319,14,333,114,29,143,1072,63,1135,51,17,68,594,9,603,330,12,342,116,26,142,1091,64,1155,48,17,65,594,8,602,333,12,345,115,28,143,1090,65,1155,43,14,57,598,4,602,337,8,345,108,20,128,1086,46,1132,38,6,44,601,3,604,320,6,326,103,19,122,1062,34,1096,34,8,42,607,4,611,257,6,263,87,21,108,985,39,1024,36,8,44,608,4,612,244,3,247,83,8,91,971,23,994,32,5,37,629,4,633,237,3,240,89,7,96,987,19,1006,874,10,884,42,0,42
58,33,MERSIN,TR6,Akdeniz,TR62,1,197,118,315,416,60,476,348,63,411,183,109,292,1144,350,1494,126,90,216,415,60,475,349,69,418,184,123,307,1074,342,1416,136,121,257,418,52,470,351,72,423,181,134,315,1086,379,1465,114,96,210,418,50,468,349,66,415,176,118,294,1057,330,1387,96,101,197,419,38,457,348,52,400,170,94,264,1033,285,1318,89,78,167,425,25,450,354,34,388,165,75,240,1033,212,1245,61,56,117,434,29,463,341,36,377,150,82,232,986,203,1189,52,69,121,448,27,475,350,25,375,148,45,193,998,166,1164,50,60,110,451,27,478,344,25,369,198,34,232,1043,146,1189,830,105,935,156,46,202
59,48,MUGLA,TR3,Ege,TR32,1,54,92,146,288,28,316,212,33,245,114,45,159,668,198,866,37,72,109,290,30,320,213,35,248,114,51,165,654,188,842,32,74,106,294,30,324,212,36,248,115,51,166,653,191,844,28,72,100,295,30,325,213,36,249,113,49,162,649,187,836,30,76,106,298,27,325,213,28,241,114,43,157,655,174,829,27,78,105,308,20,328,210,21,231,111,37,148,656,156,812,24,61,85,321,24,345,207,25,232,100,38,138,652,148,800,18,61,79,335,19,354,208,19,227,99,17,116,660,116,776,18,53,71,339,18,357,206,18,224,120,12,132,683,101,784,581,74,655,84,26,110
60,49,MUS,TRB,Ortadogu Anadolu,TRB2,0,24,10,34,410,2,412,179,4,183,54,9,63,667,25,692,15,5,20,412,2,414,184,3,187,54,8,62,665,18,683,15,5,20,416,2,418,188,3,191,55,7,62,674,17,691,15,4,19,417,0,417,209,2,211,54,5,59,695,11,706,14,5,19,417,0,417,221,1,222,54,4,58,706,10,716,13,2,15,423,0,423,191,1,192,51,4,55,678,7,685,14,2,16,439,1,440,189,2,191,43,5,48,685,10,695,16,2,18,456,1,457,193,1,194,44,0,44,709,4,713,16,1,17,452,1,453,190,1,191,59,0,59,717,3,720,645,3,648,27,0,27
61,50,NEVSEHIR,TR7,Orta Anadolu,TR71,0,46,17,63,119,5,124,101,5,106,51,12,63,317,39,356,35,15,50,120,5,125,101,5,106,50,12,62,306,37,343,30,16,46,123,5,128,105,5,110,51,12,63,309,38,347,29,14,43,126,4,130,104,4,108,51,12,63,310,34,344,27,13,40,126,3,129,101,3,104,51,10,61,305,29,334,19,14,33,126,3,129,99,3,102,48,10,58,292,30,322,18,13,31,128,4,132,101,3,104,44,11,55,291,31,322,14,5,19,131,3,134,100,3,103,44,9,53,289,20,309,13,4,17,135,3,138,97,3,100,55,8,63,300,18,318,245,9,254,48,2,50
62,51,NIGDE,TR7,Orta Anadolu,TR71,0,55,20,75,161,4,165,125,3,128,56,6,62,397,33,430,17,10,27,160,3,163,123,3,126,56,8,64,356,24,380,31,11,42,163,3,166,132,2,134,55,8,63,381,24,405,15,9,24,163,2,165,133,2,135,56,6,62,367,19,386,15,8,23,168,2,170,140,2,142,55,7,62,378,19,397,32,8,40,171,2,173,133,2,135,54,4,58,390,16,406,15,6,21,173,3,176,129,3,132,50,8,58,367,20,387,15,6,21,176,3,179,122,3,125,47,5,52,360,17,377,16,6,22,174,2,176,122,2,124,58,4,62,370,14,384,314,10,324,49,5,54
63,52,ORDU,TR9,Dogu Karadeniz,TR90,1,72,48,120,185,9,194,190,10,200,106,28,134,553,95,648,55,30,85,185,9,194,191,10,201,106,28,134,537,77,614,61,40,101,191,10,201,199,11,210,105,29,134,556,90,646,48,35,83,193,8,201,200,10,210,103,24,127,544,77,621,49,35,84,196,7,203,202,9,211,103,23,126,550,74,624,39,31,70,202,6,208,204,6,210,105,19,124,550,62,612,28,21,49,221,7,228,211,7,218,97,20,117,557,55,612,26,25,51,268,6,274,201,5,206,94,11,105,589,47,636,23,17,40,291,6,297,208,5,213,110,12,122,632,40,672,526,28,554,82,9,91
64,80,OSMANIYE,TR6,Akdeniz,TR63,0,51,27,78,165,15,180,122,16,138,70,31,101,408,89,497,39,22,61,164,14,178,121,16,137,70,33,103,394,85,479,42,26,68,165,14,179,121,18,139,68,34,102,396,92,488,30,21,51,164,10,174,117,11,128,68,26,94,379,68,447,28,20,48,172,9,181,115,11,126,64,23,87,379,63,442,20,19,39,176,8,184,116,10,126,62,22,84,374,59,433,19,13,32,181,10,191,113,14,127,58,24,82,371,61,432,19,13,32,184,7,191,117,9,126,56,14,70,376,43,419,18,8,26,202,6,208,133,7,140,70,14,84,423,35,458,351,23,374,46,7,53
65,53,RIZE,TR9,Dogu Karadeniz,TR90,0,57,11,68,81,7,88,87,10,97,66,15,81,291,43,334,26,12,38,81,6,87,88,9,97,66,15,81,261,42,303,44,14,58,83,6,89,90,8,98,67,15,82,284,43,327,43,9,52,87,4,91,95,5,100,69,9,78,294,27,321,40,13,53,89,4,93,95,4,99,71,7,78,295,28,323,34,10,44,90,4,94,100,4,104,68,6,74,292,24,316,23,8,31,92,6,98,97,6,103,65,9,74,277,29,306,15,7,22,93,5,98,96,5,101,61,4,65,265,21,286,13,5,18,94,4,98,96,4,100,75,4,79,278,17,295,198,14,212,73,3,76
66,54,SAKARYA,TR4,Dogu Marmara,TR42,1,163,70,233,255,29,284,237,29,266,112,40,152,767,168,935,81,47,128,255,29,284,238,30,268,113,44,157,687,150,837,151,55,206,253,25,278,239,30,269,113,47,160,756,157,913,117,61,178,253,22,275,241,26,267,111,33,144,722,142,864,115,57,172,253,19,272,240,23,263,112,22,134,720,121,841,87,51,138,288,11,299,239,15,254,103,19,122,717,96,813,55,34,89,301,15,316,233,17,250,93,27,120,682,93,775,33,37,70,320,14,334,221,15,236,96,17,113,670,83,753,28,38,66,330,11,341,236,11,247,132,15,147,726,75,801,625,52,677,71,9,80
67,55,SAMSUN,TR8,Bati Karadeniz,TR83,1,181,129,310,380,32,412,292,33,325,156,58,214,1009,252,1261,91,95,186,380,30,410,292,37,329,155,56,211,918,218,1136,94,103,197,398,28,426,296,37,333,157,56,213,945,224,1169,83,92,175,403,31,434,300,37,337,153,49,202,939,209,1148,85,82,167,416,26,442,300,33,333,156,35,191,957,176,1133,90,70,160,457,19,476,294,21,315,148,30,178,989,140,1129,62,65,127,497,20,517,281,20,301,142,39,181,982,144,1126,37,55,92,593,16,609,285,16,301,136,22,158,1051,109,1160,31,51,82,637,14,651,288,12,300,172,21,193,1128,98,1226,973,62,1035,115,29,144
68,63,SANLIURFA,TRC,Güneydogu Anadolu,TRC2,1,209,62,271,1253,24,1277,743,33,776,225,71,296,2430,190,2620,102,22,124,1253,23,1276,732,35,767,222,81,303,2309,161,2470,107,36,143,1267,21,1288,759,32,791,221,78,299,2354,167,2521,112,39,151,1242,18,1260,664,25,689,216,60,276,2234,142,2376,94,39,133,1247,16,1263,661,21,682,214,41,255,2216,117,2333,95,32,127,1280,11,1291,667,17,684,197,36,233,2239,96,2335,78,24,102,1297,11,1308,583,18,601,180,42,222,2138,95,2233,71,20,91,1317,10,1327,558,11,569,168,21,189,2114,62,2176,68,20,88,1347,10,1357,481,10,491,167,20,187,2063,60,2123,1949,36,1985,74,11,85
69,56,SIIRT,TRC,Güneydogu Anadolu,TRC3,0,33,2,35,287,2,289,144,3,147,56,9,65,520,16,536,30,1,31,290,2,292,141,3,144,54,8,62,515,14,529,30,1,31,291,2,293,139,3,142,53,8,61,513,14,527,28,1,29,292,2,294,135,3,138,51,10,61,506,16,522,27,1,28,300,2,302,136,2,138,50,10,60,513,15,528,26,1,27,303,2,305,136,2,138,46,9,55,511,14,525,24,3,27,307,2,309,128,2,130,42,8,50,501,15,516,23,3,26,309,1,310,126,1,127,42,3,45,500,8,508,22,3,25,313,1,314,128,1,129,49,2,51,512,7,519,470,4,474,31,0,31
70,57,SINOP,TR8,Bati Karadeniz,TR82,0,28,9,37,54,2,56,46,2,48,42,1,43,170,14,184,20,7,27,53,2,55,47,2,49,42,1,43,162,12,174,22,8,30,55,2,57,48,2,50,42,1,43,167,13,180,19,8,27,56,1,57,49,1,50,42,3,45,166,13,179,18,8,26,58,0,58,50,0,50,42,2,44,168,10,178,17,7,24,67,0,67,48,0,48,43,2,45,175,9,184,14,6,20,74,2,76,46,2,48,45,4,49,179,14,193,12,5,17,74,2,76,47,2,49,47,0,47,180,9,189,10,4,14,89,2,91,53,2,55,61,0,61,213,8,221,173,8,181,72,1,73
71,73,SIRNAK,TRC,Güneydogu Anadolu,TRC3,0,87,3,90,301,4,305,258,6,264,74,18,92,720,31,751,58,1,59,300,6,306,254,6,260,80,17,97,692,30,722,52,1,53,289,5,294,247,5,252,76,16,92,664,27,691,43,1,44,290,4,294,249,5,254,72,12,84,654,22,676,40,0,40,297,2,299,252,2,254,72,8,80,661,12,673,27,0,27,297,2,299,235,2,237,59,6,65,618,10,628,26,1,27,296,4,300,230,4,234,54,8,62,606,17,623,27,1,28,296,3,299,228,2,230,50,5,55,601,11,612,30,1,31,292,2,294,228,2,230,53,3,56,603,8,611,544,6,550,42,0,42
72,58,SIVAS,TR7,Orta Anadolu,TR72,0,69,19,88,268,7,275,198,8,206,105,21,126,640,55,695,48,13,61,278,7,285,201,8,209,107,20,127,634,48,682,54,18,72,285,9,294,201,9,210,106,20,126,646,56,702,47,18,65,286,7,293,200,8,208,103,17,120,636,50,686,43,19,62,293,7,300,199,8,207,100,16,116,635,50,685,38,14,52,311,7,318,195,7,202,97,13,110,641,41,682,32,9,41,348,6,354,197,7,204,90,16,106,667,38,705,26,12,38,378,4,382,203,4,207,90,17,107,697,37,734,22,10,32,413,3,416,208,3,211,107,13,120,750,29,779,646,16,662,82,6,88
73,59,TEKIRDAG,TR2,Bati Marmara,TR21,1,105,97,202,157,25,182,155,30,185,104,47,151,521,199,720,69,84,153,155,24,179,150,30,180,104,46,150,478,184,662,84,90,174,157,22,179,152,28,180,103,44,147,496,184,680,70,78,148,153,16,169,148,21,169,102,42,144,473,157,630,56,79,135,149,15,164,145,21,166,99,35,134,449,150,599,43,64,107,155,14,169,137,17,154,92,31,123,427,126,553,33,52,85,147,13,160,130,17,147,78,31,109,388,113,501,25,50,75,150,10,160,133,10,143,73,18,91,381,88,469,25,45,70,155,10,165,133,9,142,96,15,111,409,79,488,318,53,371,71,18,89
74,60,TOKAT,TR8,Bati Karadeniz,TR83,0,88,16,104,248,8,256,163,7,170,96,18,114,595,49,644,65,8,73,258,8,266,163,9,172,96,20,116,582,45,627,74,12,86,284,9,293,181,10,191,96,20,116,635,51,686,60,13,73,288,8,296,185,9,194,94,20,114,627,50,677,52,14,66,300,8,308,185,9,194,94,18,112,631,49,680,43,16,59,325,6,331,188,7,195,94,15,109,650,44,694,34,18,52,342,6,348,186,7,193,83,13,96,645,44,689,20,10,30,369,4,373,186,4,190,82,3,85,657,21,678,19,8,27,388,3,391,195,3,198,102,1,103,704,15,719,594,12,606,78,2,80
75,61,TRABZON,TR9,Dogu Karadeniz,TR90,1,89,45,134,186,14,200,203,16,219,122,23,145,600,98,698,62,33,95,185,14,199,203,15,218,124,25,149,574,87,661,79,36,115,190,13,203,207,14,221,123,26,149,599,89,688,63,34,97,193,12,205,217,14,231,120,25,145,593,85,678,60,36,96,198,10,208,223,14,237,118,23,141,599,83,682,60,34,94,208,7,215,230,9,239,120,16,136,618,66,684,43,22,65,227,8,235,233,10,243,110,22,132,613,62,675,39,26,65,242,7,249,233,8,241,109,14,123,623,55,678,36,23,59,251,6,257,229,7,236,131,12,143,647,48,695,527,32,559,104,8,112
76,62,TUNCELI,TRB,Ortadogu Anadolu,TRB1,0,16,5,21,28,0,28,25,0,25,23,0,23,92,5,97,13,0,13,28,0,28,25,0,25,23,0,23,89,0,89,13,0,13,27,1,28,24,1,25,24,2,26,88,4,92,11,0,11,27,1,28,24,1,25,23,1,24,85,3,88,11,0,11,27,1,28,24,1,25,23,1,24,85,3,88,11,0,11,27,1,28,24,1,25,25,1,26,87,3,90,10,1,11,28,2,30,23,2,25,23,3,26,84,8,92,10,1,11,30,2,32,23,2,25,23,2,25,86,7,93,10,1,11,31,2,33,24,2,26,26,2,28,91,7,98,65,5,70,24,1,25
77,64,USAK,TR3,Ege,TR33,0,42,35,77,116,3,119,92,3,95,52,12,64,302,53,355,28,33,61,117,3,120,91,4,95,52,12,64,288,52,340,31,34,65,118,4,122,93,4,97,52,12,64,294,54,348,24,35,59,118,2,120,91,3,94,53,7,60,286,47,333,18,34,52,120,2,122,89,3,92,52,6,58,279,45,324,9,26,35,119,1,120,88,3,91,50,5,55,266,35,301,9,17,26,133,2,135,87,4,91,45,9,54,274,32,306,8,15,23,142,2,144,86,2,88,44,4,48,280,23,303,7,16,23,156,2,158,96,2,98,50,3,53,309,23,332,277,20,297,39,4,43
78,65,VAN,TRB,Ortadogu Anadolu,TRB2,1,59,19,78,857,11,868,393,12,405,147,30,177,1456,72,1528,48,18,66,861,9,870,396,12,408,149,32,181,1454,71,1525,52,19,71,860,11,871,396,14,410,147,27,174,1455,71,1526,44,17,61,870,8,878,393,9,402,132,17,149,1439,51,1490,47,14,61,867,7,874,376,8,384,124,15,139,1414,44,1458,48,10,58,875,4,879,335,5,340,120,12,132,1378,31,1409,41,5,46,884,6,890,337,7,344,109,15,124,1371,33,1404,39,6,45,885,6,891,335,6,341,110,8,118,1369,26,1395,40,3,43,891,6,897,321,6,327,121,9,130,1373,24,1397,1257,17,1274,45,6,51
79,77,YALOVA,TR4,Dogu Marmara,TR42,0,36,24,60,53,9,62,57,11,68,31,15,46,177,59,236,18,22,40,53,9,62,58,11,69,33,14,47,162,56,218,31,26,57,53,8,61,58,10,68,32,16,48,174,60,234,14,24,38,53,9,62,58,10,68,30,13,43,155,56,211,13,21,34,54,6,60,57,7,64,30,10,40,154,44,198,10,18,28,54,5,59,57,5,62,29,8,37,150,36,186,9,12,21,54,5,59,55,5,60,25,7,32,143,29,172,9,9,18,57,4,61,55,4,59,25,4,29,146,21,167,9,8,17,56,3,59,55,3,58,34,3,37,154,17,171,132,14,146,34,5,39
80,66,YOZGAT,TR7,Orta Anadolu,TR72,0,66,11,77,168,3,171,164,3,167,88,8,96,486,25,511,37,3,40,174,3,177,165,4,169,89,10,99,465,20,485,48,8,56,182,3,185,178,4,182,92,10,102,500,25,525,43,5,48,181,3,184,202,3,205,97,10,107,523,21,544,42,7,49,183,3,186,219,3,222,98,9,107,542,22,564,27,8,35,200,2,202,220,2,222,98,9,107,545,21,566,29,4,33,204,3,207,205,3,208,87,8,95,525,18,543,22,7,29,277,5,282,194,4,198,86,2,88,579,18,597,25,7,32,299,2,301,202,1,203,114,2,116,640,12,652,549,6,555,90,0,90
81,67,ZONGULDAK,TR8,Bati Karadeniz,TR81,0,92,32,124,182,7,189,120,7,127,82,10,92,476,56,532,49,18,67,187,8,195,120,7,127,82,9,91,438,42,480,56,22,78,196,8,204,127,7,134,84,9,93,463,46,509,45,22,67,206,6,212,126,6,132,85,8,93,462,42,504,66,20,86,211,6,217,125,6,131,84,10,94,486,42,528,63,18,81,221,4,225,124,4,128,84,9,93,492,35,527,20,13,33,231,6,237,120,6,126,74,12,86,445,37,482,18,14,32,244,6,250,130,6,136,76,5,81,468,31,499,17,13,30,257,6,263,143,6,149,95,5,100,512,30,542,420,25,445,81,13,94
