gadm_L3number,plate_number,province_upper,NUTS_level1,NUTS_level1_name,NUTS_level2,metropolitan,class_state_pre_21_22,class_private_pre_21_22,class_total_pre_21_22,class_state_ele_21_22,class_private_ele_21_22,class_total_ele_21_22,class_state_mid_21_22,class_private_mid_21_22,class_total_mid_21_22,class_state_high_21_22,class_private_high_21_22,class_total_high_21_22,state_total_class_21_22,private_total_class_21_22,total_class_21_22,class_state_pre_20_21,class_private_pre_20_21,class_total_pre_20_21,class_state_ele_20_21,class_private_ele_20_21,class_total_ele_20_21,class_state_mid_20_21,class_private_mid_20_21,class_total_mid_20_21,class_state_high_20_21,class_private_high_20_21,class_total_high_20_21,state_total_class_20_21,private_total_class_20_21,total_class_20_21,class_state_pre_19_20,class_private_pre_19_20,class_total_pre_19_20,class_state_ele_19_20,class_private_ele_19_20,class_total_ele_19_20,class_state_mid_19_20,class_private_mid_19_20,class_total_mid_19_20,class_state_high_19_20,class_private_high_19_20,class_total_high_19_20,state_total_class_19_20,private_total_class_19_20,total_class_19_20,class_state_pre_18_19,class_private_pre_18_19,class_total_pre_18_19,class_state_ele_18_19,class_private_ele_18_19,class_total_ele_18_19,class_state_mid_18_19,class_private_mid_18_19,class_total_mid_18_19,class_state_high_18_19,class_private_high_18_19,class_total_high_18_19,state_total_class_18_19,private_total_class_18_19,total_class_18_19,class_state_pre_17_18,class_private_pre_17_18,class_total_pre_17_18,class_state_ele_17_18,class_private_ele_17_18,class_total_ele_17_18,class_state_mid_17_18,class_private_mid_17_18,class_total_mid_17_18,class_state_high_17_18,class_private_high_17_18,class_total_high_17_18,state_total_class_17_18,private_total_class_17_18,total_class_17_18,class_state_pre_16_17,class_private_pre_16_17,class_total_pre_16_17,class_state_ele_16_17,class_private_ele_16_17,class_total_ele_16_17,class_state_mid_16_17,class_private_mid_16_17,class_total_mid_16_17,class_state_high_16_17,class_private_high_16_17,class_total_high_16_17,state_total_class_16_17,private_total_class_16_17,total_class_16_17,class_state_pre_15_16,class_private_pre_15_16,class_total_pre_15_16,class_state_ele_15_16,class_private_ele_15_16,class_total_ele_15_16,class_state_mid_15_16,class_private_mid_15_16,class_total_mid_15_16,class_state_high_15_16,class_private_high_15_16,class_total_high_15_16,state_total_class_15_16,private_total_class_15_16,total_class_15_16,class_state_pre_14_15,class_private_pre_14_15,class_total_pre_14_15,class_state_ele_14_15,class_private_ele_14_15,class_total_ele_14_15,class_state_mid_14_15,class_private_mid_14_15,class_total_mid_14_15,class_state_high_14_15,class_private_high_14_15,class_total_high_14_15,state_total_class_14_15,private_total_class_14_15,total_class_14_15,class_state_pre_13_14,class_private_pre_13_14,class_total_pre_13_14,class_state_ele_13_14,class_private_ele_13_14,class_total_ele_13_14,class_state_mid_13_14,class_private_mid_13_14,class_total_mid_13_14,class_state_high_13_14,class_private_high_13_14,class_total_high_13_14,state_total_class_13_14,private_total_class_13_14,total_class_13_14,state_total_class_12_13,private_total_class_12_13,total_class_12_13,state_total_class_02_03,private_total_class_02_03,total_class_02_03
1,1,ADANA,TR6,Akdeniz,TR62,1,724,673,1397,6391,569,6960,4608,687,5295,4938,1144,6082,16661,3073,19734,564,607,1171,6316,501,6817,4482,737,5219,4877,1098,5975,16239,2943,19182,581,653,1234,6143,540,6683,4421,653,5074,4436,1171,5607,15581,3017,18598,590,582,1172,5956,518,6474,4178,615,4793,4385,1328,5713,15109,3043,18152,525,588,1113,5968,429,6397,4007,647,4654,4300,1231,5531,14800,2895,17695,466,506,972,5848,339,6187,3872,439,4311,3884,1102,4986,14070,2386,16456,342,273,615,5873,508,6381,3601,443,4044,3578,1184,4762,13394,2408,15802,321,90,411,5561,344,5905,3370,156,3526,3308,631,3939,12560,1221,13781,258,163,421,5789,352,6141,2946,275,3221,3320,664,3984,12313,1454,13767,8193,563,8756,1892,603,2495
2,2,ADIYAMAN,TRC,Guneydogu Anadolu,TRC1,0,216,161,377,2234,91,2325,2135,83,2218,1710,222,1932,6295,557,6852,174,115,289,2252,60,2312,2144,69,2213,1701,259,1960,6271,503,6774,172,142,314,2285,49,2334,2186,71,2257,1702,230,1932,6345,492,6837,154,96,250,2120,70,2190,2106,51,2157,1636,203,1839,6016,420,6436,166,97,263,1978,66,2044,1920,50,1970,1605,152,1757,5669,365,6034,154,97,251,1981,46,2027,1831,42,1873,1434,155,1589,5400,340,5740,137,50,187,1864,57,1921,1743,0,1743,1368,143,1511,5112,250,5362,126,39,165,1816,35,1851,1750,0,1750,1267,89,1356,4959,163,5122,116,27,143,2057,8,2065,1268,28,1296,1081,81,1162,4522,144,4666,3438,55,3493,529,32,561
3,3,AFYONKARAHISAR,TR3,Ege,TR33,0,225,174,399,3016,88,3104,2084,112,2196,1884,278,2162,7209,652,7861,195,143,338,3043,93,3136,2125,144,2269,1898,241,2139,7261,621,7882,199,157,356,3077,88,3165,2239,109,2348,1897,276,2173,7412,630,8042,205,145,350,3062,79,3141,2197,107,2304,1838,348,2186,7302,679,7981,182,130,312,3040,81,3121,2248,92,2340,1753,357,2110,7223,660,7883,187,132,319,3027,53,3080,2171,80,2251,1703,246,1949,7088,511,7599,123,62,185,3073,123,3196,1889,146,2035,1615,242,1857,6700,573,7273,92,27,119,2988,70,3058,1655,61,1716,1511,114,1625,6246,272,6518,89,52,141,3053,47,3100,1376,47,1423,1401,64,1465,5919,210,6129,4438,136,4574,969,26,995
4,4,AGRI,TRA,Kuzeydogu Anadolu,TRA2,0,151,27,178,3552,45,3597,1886,40,1926,1303,93,1396,6892,205,7097,135,21,156,3419,63,3482,1748,35,1783,1314,83,1397,6616,202,6818,115,20,135,3428,68,3496,1705,43,1748,1271,104,1375,6519,235,6754,114,10,124,3324,54,3378,1625,19,1644,1207,125,1332,6270,208,6478,115,11,126,3197,39,3236,1704,9,1713,1213,126,1339,6229,185,6414,122,8,130,3313,39,3352,1643,9,1652,1047,91,1138,6125,147,6272,111,6,117,3044,53,3097,1433,27,1460,931,90,1021,5519,176,5695,106,0,106,2776,47,2823,1218,21,1239,830,12,842,4930,80,5010,78,0,78,3034,36,3070,912,12,924,691,0,691,4715,48,4763,3704,28,3732,309,0,309
5,68,AKSARAY,TR7,Orta Anadolu,TR71,0,184,100,284,1613,98,1711,1367,51,1418,993,217,1210,4157,466,4623,164,79,243,1621,116,1737,1383,65,1448,971,222,1193,4139,482,4621,172,87,259,1634,157,1791,1371,49,1420,928,209,1137,4105,502,4607,157,91,248,1546,103,1649,1367,78,1445,931,194,1125,4001,466,4467,163,84,247,1609,107,1716,1339,41,1380,941,154,1095,4052,386,4438,141,64,205,1617,101,1718,1323,18,1341,869,163,1032,3950,346,4296,84,21,105,1595,87,1682,1188,51,1239,735,203,938,3602,362,3964,72,16,88,1633,73,1706,1162,47,1209,757,60,817,3624,196,3820,62,20,82,1517,36,1553,1163,41,1204,694,77,771,3436,174,3610,2753,97,2850,482,19,501
6,5,AMASYA,TR8,Bati Karadeniz,TR83,0,143,71,214,1068,106,1174,986,88,1074,986,121,1107,3183,386,3569,147,67,214,1066,93,1159,1001,83,1084,989,129,1118,3203,372,3575,146,82,228,1066,122,1188,992,92,1084,986,168,1154,3190,464,3654,124,84,208,991,73,1064,1023,73,1096,966,186,1152,3104,416,3520,131,72,203,1016,48,1064,1009,96,1105,886,128,1014,3042,344,3386,127,55,182,1057,26,1083,979,53,1032,879,117,996,3042,251,3293,80,42,122,1089,52,1141,908,78,986,826,146,972,2903,318,3221,71,14,85,1056,59,1115,866,41,907,841,45,886,2834,159,2993,65,19,84,1066,62,1128,859,42,901,784,36,820,2774,159,2933,1978,74,2052,531,25,556
7,6,ANKARA,TR5,Bati Anadolu,TR51,1,1784,3459,5243,12914,3804,16718,10287,3711,13998,10939,5908,16847,35924,16882,52806,1292,3004,4296,11649,4095,15744,9423,4040,13463,10693,6133,16826,33057,17272,50329,1481,3151,4632,10600,3855,14455,8880,4010,12890,9908,6296,16204,30869,17312,48181,1299,2842,4141,9928,3437,13365,8190,3520,11710,9427,6272,15699,28844,16071,44915,1187,2862,4049,10110,3043,13153,8503,2974,11477,9022,5397,14419,28822,14276,43098,1015,2648,3663,10156,2713,12869,8508,2461,10969,8764,4746,13510,28443,12568,41011,631,1398,2029,9926,2565,12491,7784,2263,10047,8316,5196,13512,26657,11422,38079,690,1834,2524,9478,2289,11767,7311,1559,8870,7548,2266,9814,25027,7948,32975,526,1502,2028,9892,1950,11842,6777,1457,8234,7374,1826,9200,24569,6735,31304,16907,4530,21437,4850,1639,6489
8,7,ANTALYA,TR6,Akdeniz,TR61,1,842,1493,2335,7348,1325,8673,3818,1270,5088,4950,1796,6746,16958,5884,22842,677,1416,2093,7265,1330,8595,3765,1342,5107,4929,1842,6771,16636,5930,22566,767,1521,2288,7190,1276,8466,3809,1399,5208,4933,1907,6840,16699,6103,22802,728,1430,2158,7091,1109,8200,3642,1236,4878,4759,1886,6645,16220,5661,21881,718,1366,2084,7078,966,8044,3615,1107,4722,4608,1500,6108,16019,4939,20958,607,1225,1832,7050,807,7857,3695,835,4530,4227,1371,5598,15579,4238,19817,422,779,1201,6866,890,7756,3631,708,4339,3872,1489,5361,14791,3866,18657,313,669,982,7066,659,7725,3053,532,3585,3690,703,4393,14122,2563,16685,228,573,801,6858,540,7398,2565,539,3104,3471,524,3995,13122,2176,15298,9508,1519,11027,1767,514,2281
9,75,ARDAHAN,TRA,Kuzeydogu Anadolu,TRA2,0,36,7,43,396,0,396,386,0,386,371,0,371,1189,7,1196,32,4,36,413,0,413,396,0,396,384,0,384,1225,4,1229,28,4,32,394,0,394,385,0,385,388,0,388,1195,4,1199,22,4,26,375,0,375,379,0,379,388,0,388,1164,4,1168,28,4,32,408,0,408,382,0,382,343,0,343,1161,4,1165,25,4,29,454,0,454,410,0,410,424,0,424,1313,4,1317,21,3,24,443,18,461,401,0,401,393,0,393,1258,21,1279,19,3,22,522,18,540,374,0,374,245,0,245,1160,21,1181,19,3,22,484,8,492,353,0,353,302,0,302,1158,11,1169,977,3,980,130,0,130
10,8,ARTVIN,TR9,Dogu Karadeniz,TR90,0,83,19,102,583,0,583,339,0,339,578,15,593,1583,34,1617,75,17,92,590,0,590,348,0,348,566,15,581,1579,32,1611,79,17,96,611,0,611,364,0,364,517,15,532,1571,32,1603,71,16,87,657,0,657,366,0,366,504,23,527,1598,39,1637,65,16,81,656,0,656,362,0,362,484,20,504,1567,36,1603,61,10,71,682,0,682,319,0,319,542,0,542,1604,10,1614,41,4,45,705,16,721,371,15,386,533,14,547,1650,49,1699,40,3,43,747,16,763,347,0,347,551,0,551,1685,19,1704,35,4,39,748,8,756,291,7,298,540,0,540,1614,19,1633,1126,19,1145,307,3,310
11,9,AYDIN,TR3,Ege,TR32,1,276,437,713,3203,482,3685,2176,218,2394,2503,555,3058,8158,1692,9850,246,322,568,3214,446,3660,2144,244,2388,2333,612,2945,7937,1624,9561,251,392,643,3262,387,3649,2241,246,2487,2329,596,2925,8083,1621,9704,226,337,563,3219,330,3549,2159,278,2437,2290,590,2880,7894,1535,9429,236,316,552,3244,302,3546,2338,278,2616,2268,511,2779,8086,1407,9493,219,288,507,3272,281,3553,2306,268,2574,2152,463,2615,7949,1300,9249,174,167,341,3347,313,3660,2182,231,2413,1885,547,2432,7588,1258,8846,156,155,311,3138,220,3358,2259,223,2482,1900,283,2183,7453,881,8334,163,130,293,3062,176,3238,2048,149,2197,1790,201,1991,7063,656,7719,5247,349,5596,1276,140,1416
12,10,BALIKESIR,TR2,Bati Marmara,TR22,1,365,573,938,3135,331,3466,2497,345,2842,2442,450,2892,8439,1699,10138,318,507,825,3167,227,3394,2435,281,2716,2376,484,2860,8296,1499,9795,309,511,820,3297,271,3568,2366,314,2680,2441,513,2954,8413,1609,10022,274,474,748,3163,254,3417,2335,228,2563,2422,392,2814,8194,1348,9542,249,440,689,3202,237,3439,2450,211,2661,2327,326,2653,8228,1214,9442,235,340,575,3150,177,3327,2486,148,2634,2255,312,2567,8126,977,9103,176,162,338,3290,222,3512,2062,128,2190,2108,449,2557,7636,961,8597,122,136,258,3172,219,3391,2098,62,2160,2122,167,2289,7514,584,8098,114,70,184,3389,208,3597,1814,124,1938,2007,132,2139,7324,534,7858,5090,361,5451,1469,202,1671
13,74,BARTIN,TR8,Bati Karadeniz,TR81,0,72,35,107,586,31,617,570,35,605,464,25,489,1692,126,1818,73,31,104,604,31,635,569,34,603,494,24,518,1740,120,1860,67,28,95,604,26,630,578,35,613,496,25,521,1745,114,1859,66,28,94,605,27,632,601,34,635,471,34,505,1743,123,1866,58,21,79,637,27,664,614,24,638,489,23,512,1798,95,1893,45,15,60,652,22,674,617,0,617,474,55,529,1788,92,1880,28,7,35,597,47,644,607,0,607,410,93,503,1642,147,1789,22,7,29,647,47,694,542,0,542,416,43,459,1627,97,1724,20,9,29,650,35,685,533,21,554,416,0,416,1619,65,1684,1234,51,1285,327,1,328
14,72,BATMAN,TRC,Guneydogu Anadolu,TRC3,0,226,53,279,2789,101,2890,1537,88,1625,1718,505,2223,6270,747,7017,204,42,246,2815,82,2897,1492,75,1567,1709,446,2155,6220,645,6865,214,40,254,2837,97,2934,1494,69,1563,1712,421,2133,6257,627,6884,192,47,239,2771,153,2924,1414,81,1495,1526,363,1889,5903,644,6547,193,49,242,2681,137,2818,1463,65,1528,1434,352,1786,5771,603,6374,184,31,215,2514,197,2711,1470,65,1535,1258,304,1562,5426,597,6023,159,18,177,2493,238,2731,1245,42,1287,1182,290,1472,5079,588,5667,153,9,162,2469,176,2645,977,61,1038,1016,143,1159,4615,389,5004,105,5,110,2458,178,2636,667,0,667,822,59,881,4052,242,4294,3108,174,3282,315,0,315
15,69,BAYBURT,TRA,Kuzeydogu Anadolu,TRA1,0,55,9,64,222,8,230,337,8,345,233,0,233,847,25,872,39,5,44,201,14,215,333,14,347,226,0,226,799,33,832,39,9,48,225,6,231,378,12,390,210,0,210,852,27,879,40,9,49,225,0,225,354,13,367,210,0,210,829,22,851,40,5,45,225,0,225,361,12,373,253,0,253,879,17,896,39,5,44,174,0,174,388,12,400,250,0,250,851,17,868,22,5,27,246,15,261,353,0,353,222,0,222,843,20,863,19,4,23,312,15,327,349,0,349,231,0,231,911,19,930,17,3,20,269,10,279,412,0,412,223,0,223,921,13,934,698,13,711,123,0,123
16,11,BILECIK,TR4,Dogu Marmara,TR41,0,143,61,204,711,23,734,444,18,462,556,19,575,1854,121,1975,135,57,192,682,21,703,457,18,475,545,19,564,1819,115,1934,128,57,185,724,20,744,456,18,474,493,23,516,1801,118,1919,124,63,187,734,8,742,453,0,453,566,29,595,1877,100,1977,120,67,187,744,17,761,481,10,491,570,43,613,1915,137,2052,115,39,154,766,17,783,458,10,468,544,43,587,1883,109,1992,80,29,109,733,29,762,346,0,346,540,75,615,1699,133,1832,59,11,70,717,26,743,331,20,351,591,0,591,1698,57,1755,55,5,60,747,20,767,286,20,306,567,0,567,1655,45,1700,1081,44,1125,512,5,517
17,12,BINGOL,TRB,Ortadogu Anadolu,TRB1,0,78,56,134,1035,0,1035,848,51,899,766,116,882,2727,223,2950,68,42,110,1015,0,1015,859,49,908,771,99,870,2713,190,2903,68,34,102,1029,0,1029,900,45,945,760,57,817,2757,136,2893,63,23,86,999,0,999,879,45,924,688,85,773,2629,153,2782,77,19,96,996,0,996,929,25,954,664,68,732,2666,112,2778,70,19,89,1026,0,1026,972,25,997,661,65,726,2729,109,2838,66,10,76,1125,0,1125,821,45,866,607,97,704,2619,152,2771,51,4,55,1051,0,1051,754,24,778,537,13,550,2393,41,2434,59,4,63,1258,18,1276,480,0,480,498,0,498,2295,22,2317,1733,22,1755,245,0,245
18,13,BITLIS,TRB,Ortadogu Anadolu,TRB2,0,144,5,149,2379,0,2379,1315,20,1335,948,102,1050,4786,127,4913,120,1,121,2305,0,2305,1276,18,1294,926,58,984,4627,77,4704,121,11,132,2300,0,2300,1271,13,1284,907,42,949,4599,66,4665,127,9,136,2251,14,2265,1240,28,1268,805,51,856,4423,102,4525,111,11,122,2325,17,2342,1201,41,1242,827,51,878,4464,120,4584,97,13,110,2265,17,2282,1059,30,1089,758,52,810,4179,112,4291,86,0,86,2246,42,2288,1082,29,1111,707,54,761,4121,125,4246,71,13,84,2161,18,2179,868,0,868,643,8,651,3743,39,3782,61,7,68,2044,18,2062,724,17,741,642,16,658,3471,58,3529,2714,36,2750,273,0,273
19,14,BOLU,TR4,Dogu Marmara,TR42,0,142,88,230,978,75,1053,596,55,651,741,83,824,2457,301,2758,124,70,194,1000,59,1059,613,61,674,762,105,867,2499,295,2794,131,79,210,994,67,1061,607,49,656,773,122,895,2505,317,2822,107,71,178,1012,67,1079,576,72,648,730,121,851,2425,331,2756,122,56,178,1078,71,1149,542,68,610,709,112,821,2451,307,2758,109,46,155,1068,57,1125,566,21,587,750,56,806,2493,180,2673,94,35,129,1056,44,1100,393,19,412,692,69,761,2235,167,2402,57,27,84,1265,46,1311,199,22,221,660,12,672,2181,107,2288,46,28,74,1324,26,1350,92,20,112,655,13,668,2117,87,2204,1333,39,1372,481,14,495
20,15,BURDUR,TR6,Akdeniz,TR61,0,108,56,164,905,38,943,602,32,634,696,63,759,2311,189,2500,98,44,142,904,38,942,588,28,616,687,63,750,2277,173,2450,89,45,134,919,38,957,572,34,606,685,69,754,2265,186,2451,89,53,142,878,22,900,608,26,634,652,51,703,2227,152,2379,78,49,127,985,16,1001,643,26,669,672,75,747,2378,166,2544,69,43,112,980,16,996,666,26,692,634,57,691,2349,142,2491,68,21,89,1039,46,1085,658,16,674,694,74,768,2459,157,2616,52,8,60,1151,26,1177,647,0,647,627,35,662,2477,69,2546,49,8,57,1179,6,1185,531,20,551,616,31,647,2375,65,2440,1775,26,1801,479,23,502
21,16,BURSA,TR4,Dogu Marmara,TR41,1,745,1594,2339,6754,1624,8378,4522,1445,5967,5665,2350,8015,17686,7013,24699,601,1561,2162,6589,1607,8196,4419,1358,5777,5635,2267,7902,17244,6793,24037,576,1523,2099,6626,1591,8217,4359,1398,5757,5637,2319,7956,17198,6831,24029,607,1366,1973,6415,1656,8071,3955,1263,5218,5658,2338,7996,16635,6623,23258,579,1264,1843,6445,1412,7857,3993,1010,5003,5174,1980,7154,16191,5666,21857,487,1094,1581,6334,1135,7469,3847,830,4677,5020,1494,6514,15688,4553,20241,315,671,986,6406,1046,7452,3271,695,3966,4853,1665,6518,14845,4077,18922,284,558,842,6421,904,7325,3237,243,3480,4644,771,5415,14586,2476,17062,266,465,731,6677,909,7586,2369,30,2399,4221,478,4699,13533,1882,15415,9134,1129,10263,2162,440,2602
22,17,CANAKKALE,TR2,Bati Marmara,TR22,0,219,211,430,1288,140,1428,897,85,982,1145,184,1329,3549,620,4169,150,261,411,1281,193,1474,878,108,986,1085,148,1233,3394,710,4104,138,225,363,1297,201,1498,904,58,962,1111,177,1288,3450,661,4111,116,205,321,1308,69,1377,977,83,1060,1141,162,1303,3542,519,4061,152,133,285,1436,88,1524,921,18,939,1175,139,1314,3684,378,4062,133,103,236,1484,73,1557,861,18,879,1159,140,1299,3637,334,3971,97,51,148,1420,99,1519,816,29,845,1041,125,1166,3374,304,3678,86,35,121,1389,98,1487,761,11,772,1055,40,1095,3291,184,3475,66,30,96,1442,49,1491,809,38,847,1040,27,1067,3357,144,3501,2449,121,2570,694,28,722
23,18,CANKIRI,TR8,Bati Karadeniz,TR82,0,85,23,108,529,10,539,474,10,484,502,32,534,1590,75,1665,76,25,101,535,10,545,477,8,485,506,14,520,1594,57,1651,67,26,93,547,20,567,485,12,497,503,14,517,1602,72,1674,67,23,90,559,12,571,475,12,487,518,9,527,1619,56,1675,62,17,79,543,25,568,489,7,496,469,13,482,1563,62,1625,58,9,67,574,15,589,498,0,498,522,13,535,1652,37,1689,55,9,64,545,15,560,517,0,517,487,13,500,1604,37,1641,60,0,60,607,16,623,387,0,387,455,0,455,1509,16,1525,52,4,56,619,28,647,341,34,375,433,0,433,1445,66,1511,1015,65,1080,356,0,356
24,19,CORUM,TR8,Bati Karadeniz,TR83,0,178,79,257,1709,51,1760,1185,207,1392,1399,221,1620,4471,558,5029,154,59,213,1747,38,1785,1172,182,1354,1398,260,1658,4471,539,5010,166,84,250,1796,67,1863,1110,171,1281,1439,231,1670,4511,553,5064,164,82,246,1868,99,1967,1032,105,1137,1447,263,1710,4511,549,5060,120,73,193,1845,91,1936,1043,97,1140,1434,231,1665,4442,492,4934,101,64,165,1904,62,1966,1059,124,1183,1441,223,1664,4505,473,4978,80,52,132,2084,61,2145,999,60,1059,1399,261,1660,4562,434,4996,78,38,116,2026,65,2091,945,13,958,1211,47,1258,4260,163,4423,62,30,92,2165,22,2187,826,59,885,1134,22,1156,4187,133,4320,2981,69,3050,786,53,839
25,20,DENIZLI,TR3,Ege,TR32,1,463,481,944,3087,353,3440,2514,380,2894,2446,644,3090,8510,1858,10368,414,405,819,3071,294,3365,2462,387,2849,2443,771,3214,8390,1857,10247,425,439,864,3057,345,3402,2457,345,2802,2365,726,3091,8304,1855,10159,417,399,816,3084,329,3413,2446,292,2738,2279,713,2992,8226,1733,9959,391,391,782,3079,301,3380,2464,202,2666,2334,564,2898,8268,1458,9726,340,313,653,3130,209,3339,2397,199,2596,2206,450,2656,8073,1171,9244,282,192,474,3043,242,3285,2192,251,2443,1988,594,2582,7505,1279,8784,255,158,413,3430,212,3642,1814,59,1873,1953,217,2170,7452,646,8098,223,127,350,3486,256,3742,1640,27,1667,1807,161,1968,7156,571,7727,5046,288,5334,1257,240,1497
26,21,DIYARBAKIR,TRC,Guneydogu Anadolu,TRC2,1,655,133,788,6105,513,6618,3397,474,3871,3616,1168,4784,13773,2288,16061,451,94,545,5881,546,6427,3359,495,3854,3512,1155,4667,13203,2290,15493,534,129,663,5850,576,6426,3347,577,3924,3505,1221,4726,13236,2503,15739,459,124,583,5888,532,6420,3220,522,3742,3268,1236,4504,12835,2414,15249,456,140,596,5879,501,6380,3508,417,3925,3218,779,3997,13061,1837,14898,336,81,417,5929,334,6263,3393,275,3668,2901,698,3599,12559,1388,13947,241,60,301,6107,367,6474,2802,256,3058,2431,642,3073,11581,1325,12906,200,56,256,5653,270,5923,2683,81,2764,2126,264,2390,10662,671,11333,140,44,184,5778,169,5947,2014,175,2189,1707,188,1895,9639,576,10215,7933,340,8273,929,94,1023
27,81,DUZCE,TR4,Dogu Marmara,TR42,0,318,122,440,1451,84,1535,804,115,919,877,199,1076,3450,520,3970,287,104,391,1454,105,1559,802,76,878,845,254,1099,3388,539,3927,308,96,404,1442,108,1550,828,65,893,837,191,1028,3415,460,3875,277,85,362,1465,100,1565,806,60,866,849,156,1005,3397,401,3798,239,89,328,1419,96,1515,875,58,933,740,147,887,3273,390,3663,197,72,269,1401,96,1497,824,46,870,765,85,850,3187,299,3486,126,50,176,1421,72,1493,758,43,801,725,119,844,3030,284,3314,80,41,121,1612,76,1688,647,0,647,788,74,862,3127,191,3318,65,39,104,1669,59,1728,342,29,371,754,35,789,2830,162,2992,2346,116,2462,335,35,370
28,22,EDIRNE,TR2,Bati Marmara,TR21,0,112,99,211,1134,126,1260,739,118,857,875,183,1058,2860,526,3386,78,107,185,1170,126,1296,753,124,877,845,223,1068,2846,580,3426,72,144,216,1134,110,1244,752,108,860,848,191,1039,2806,553,3359,77,140,217,1139,128,1267,739,69,808,856,149,1005,2811,486,3297,75,99,174,1152,144,1296,744,54,798,863,128,991,2834,425,3259,72,83,155,1153,113,1266,721,41,762,798,100,898,2744,337,3081,56,59,115,1172,168,1340,665,58,723,734,147,881,2627,432,3059,63,32,95,1195,144,1339,653,0,653,751,51,802,2662,227,2889,51,30,81,1355,117,1472,632,7,639,787,37,824,2825,191,3016,2031,123,2154,507,16,523
29,23,ELAZIG,TRB,Ortadogu Anadolu,TRB1,0,218,184,402,1813,121,1934,1243,149,1392,1351,355,1706,4625,809,5434,178,177,355,1733,119,1852,1133,156,1289,1289,403,1692,4333,855,5188,175,147,322,1747,105,1852,1117,132,1249,1283,357,1640,4322,741,5063,158,152,310,1699,98,1797,1162,122,1284,1382,258,1640,4401,630,5031,138,146,284,1674,101,1775,1155,104,1259,1405,186,1591,4372,537,4909,132,139,271,1636,98,1734,1046,99,1145,1377,163,1540,4191,499,4690,126,100,226,1700,112,1812,1006,114,1120,1327,220,1547,4159,546,4705,119,51,170,1669,65,1734,1020,41,1061,1217,67,1284,4025,224,4249,123,47,170,1585,102,1687,879,15,894,1145,56,1201,3732,220,3952,2653,201,2854,587,43,630
30,24,ERZINCAN,TRA,Kuzeydogu Anadolu,TRA1,0,177,39,216,790,84,874,680,8,688,644,55,699,2291,186,2477,151,36,187,784,84,868,698,8,706,645,58,703,2278,186,2464,138,36,174,772,82,854,723,8,731,629,55,684,2262,181,2443,130,32,162,809,81,890,683,8,691,644,83,727,2266,204,2470,126,39,165,818,81,899,707,8,715,599,83,682,2250,211,2461,124,27,151,830,41,871,683,16,699,630,96,726,2267,180,2447,73,16,89,843,56,899,640,42,682,610,86,696,2166,200,2366,66,19,85,859,0,859,718,19,737,585,31,616,2228,69,2297,53,13,66,843,23,866,611,24,635,541,22,563,2048,82,2130,1530,24,1554,485,18,503
31,25,ERZURUM,TRA,Kuzeydogu Anadolu,TRA1,1,277,188,465,3365,119,3484,2512,173,2685,2162,325,2487,8316,805,9121,233,120,353,3240,93,3333,2490,171,2661,2171,315,2486,8134,699,8833,250,134,384,3095,119,3214,2407,155,2562,2105,306,2411,7857,714,8571,221,122,343,3026,102,3128,2324,148,2472,2040,295,2335,7611,667,8278,210,148,358,3035,70,3105,2268,122,2390,2030,204,2234,7543,544,8087,187,151,338,3042,57,3099,2187,77,2264,1852,171,2023,7268,456,7724,149,72,221,3188,99,3287,2197,80,2277,1603,240,1843,7137,491,7628,100,56,156,2997,85,3082,2158,67,2225,1505,96,1601,6760,304,7064,97,51,148,3144,138,3282,1988,61,2049,1529,87,1616,6758,337,7095,5419,180,5599,1021,47,1068
32,26,ESKISEHIR,TR4,Dogu Marmara,TR41,1,382,305,687,2064,278,2342,1387,172,1559,1677,408,2085,5510,1163,6673,324,309,633,2049,264,2313,1360,209,1569,1711,545,2256,5444,1327,6771,331,320,651,2075,252,2327,1368,157,1525,1718,470,2188,5492,1199,6691,294,311,605,2046,275,2321,1298,151,1449,1676,406,2082,5314,1143,6457,283,267,550,2058,297,2355,1316,153,1469,1611,393,2004,5268,1110,6378,217,195,412,2035,221,2256,1285,98,1383,1662,369,2031,5199,883,6082,174,115,289,1961,191,2152,1152,125,1277,1585,442,2027,4872,873,5745,167,104,271,1950,160,2110,1141,32,1173,1438,155,1593,4696,451,5147,167,99,266,2052,163,2215,1112,25,1137,1481,165,1646,4812,452,5264,3265,302,3567,947,258,1205
33,27,GAZIANTEP,TRC,Guneydogu Anadolu,TRC1,1,676,414,1090,7149,613,7762,5838,577,6415,5369,1052,6421,19032,2656,21688,526,259,785,6418,477,6895,5397,531,5928,4912,1065,5977,17253,2332,19585,546,295,841,6012,470,6482,5119,551,5670,4477,1090,5567,16154,2406,18560,544,320,864,5853,402,6255,4942,496,5438,4205,1020,5225,15544,2238,17782,493,298,791,5931,300,6231,5146,390,5536,4207,748,4955,15777,1736,17513,426,251,677,5812,293,6105,4855,340,5195,3726,815,4541,14819,1699,16518,361,118,479,5512,299,5811,4055,330,4385,3237,991,4228,13165,1738,14903,268,154,422,5094,139,5233,3670,143,3813,2519,301,2820,11551,737,12288,223,126,349,5354,205,5559,3008,233,3241,2544,374,2918,11129,938,12067,10295,513,10808,1174,265,1439
34,28,GIRESUN,TR9,Dogu Karadeniz,TR90,0,177,63,240,1281,23,1304,979,60,1039,1256,84,1340,3693,230,3923,157,44,201,1316,32,1348,972,56,1028,1266,58,1324,3711,190,3901,178,64,242,1320,32,1352,973,69,1042,1305,85,1390,3776,250,4026,170,74,244,1301,32,1333,963,25,988,1289,105,1394,3723,236,3959,168,69,237,1434,19,1453,933,29,962,1287,116,1403,3822,233,4055,157,55,212,1397,19,1416,969,12,981,1369,102,1471,3892,188,4080,120,29,149,1458,9,1467,930,49,979,1309,72,1381,3817,159,3976,98,22,120,1516,14,1530,898,45,943,1298,18,1316,3810,99,3909,78,16,94,1320,6,1326,773,19,792,1265,20,1285,3436,61,3497,1995,59,2054,709,43,752
35,29,GUMUSHANE,TR9,Dogu Karadeniz,TR90,0,91,11,102,343,28,371,521,12,533,363,12,375,1318,63,1381,80,7,87,319,28,347,520,7,527,363,6,369,1282,48,1330,74,10,84,318,28,346,509,8,517,371,6,377,1272,52,1324,66,9,75,293,28,321,532,0,532,388,0,388,1279,37,1316,62,4,66,308,28,336,517,0,517,371,0,371,1258,32,1290,52,0,52,320,26,346,527,0,527,389,0,389,1288,26,1314,41,0,41,327,44,371,554,0,554,372,0,372,1294,44,1338,39,0,39,523,12,535,428,0,428,361,0,361,1351,12,1363,37,0,37,549,1,550,434,8,442,376,0,376,1396,9,1405,914,9,923,194,6,200
36,30,HAKKARI,TRB,Ortadogu Anadolu,TRB2,0,77,9,86,1156,8,1164,657,16,673,762,154,916,2652,187,2839,77,0,77,1135,0,1135,649,16,665,718,148,866,2579,164,2743,73,0,73,958,0,958,533,15,548,651,120,771,2215,135,2350,73,0,73,1013,0,1013,513,25,538,636,87,723,2235,112,2347,78,3,81,1000,16,1016,502,27,529,575,35,610,2155,81,2236,76,0,76,1106,0,1106,522,10,532,515,35,550,2219,45,2264,62,0,62,978,24,1002,674,17,691,526,41,567,2240,82,2322,46,0,46,1069,17,1086,520,0,520,374,11,385,2009,28,2037,31,0,31,1071,18,1089,344,18,362,389,16,405,1835,52,1887,1948,37,1985,177,0,177
37,31,HATAY,TR6,Akdeniz,TR63,1,548,549,1097,6800,361,7161,3967,473,4440,3662,924,4586,14977,2307,17284,427,406,833,6759,369,7128,3993,502,4495,3576,1044,4620,14755,2321,17076,481,467,948,6677,369,7046,3959,502,4461,3409,1072,4481,14526,2410,16936,426,418,844,6195,377,6572,3490,483,3973,3252,1026,4278,13363,2304,15667,406,429,835,6072,361,6433,3327,456,3783,3309,914,4223,13114,2160,15274,360,314,674,6135,268,6403,3200,374,3574,2935,759,3694,12630,1715,14345,299,172,471,5962,249,6211,2831,316,3147,2562,870,3432,11654,1607,13261,295,115,410,5850,194,6044,2817,174,2991,2374,326,2700,11336,809,12145,256,69,325,5920,198,6118,1976,97,2073,2116,288,2404,10268,652,10920,8098,395,8493,1503,97,1600
38,76,IGDIR,TRA,Kuzeydogu Anadolu,TRA2,0,72,33,105,967,24,991,682,46,728,567,106,673,2288,209,2497,70,21,91,969,23,992,622,35,657,571,73,644,2232,152,2384,69,23,92,973,29,1002,609,42,651,556,77,633,2207,171,2378,63,16,79,929,12,941,580,62,642,547,57,604,2119,147,2266,47,18,65,968,12,980,549,57,606,515,58,573,2079,145,2224,39,6,45,920,12,932,569,65,634,507,66,573,2035,149,2184,38,7,45,843,12,855,498,36,534,409,75,484,1788,130,1918,29,9,38,727,27,754,480,0,480,369,17,386,1605,53,1658,19,7,26,760,31,791,402,31,433,369,12,381,1550,81,1631,1215,34,1249,107,4,111
39,32,ISPARTA,TR6,Akdeniz,TR61,0,191,160,351,1114,95,1209,1479,112,1591,1246,161,1407,4030,528,4558,175,103,278,1163,92,1255,1506,124,1630,1208,175,1383,4052,494,4546,176,127,303,1163,93,1256,1549,112,1661,1207,163,1370,4095,495,4590,144,138,282,1135,112,1247,1567,66,1633,1174,112,1286,4020,428,4448,143,126,269,1130,105,1235,1522,66,1588,1066,108,1174,3861,405,4266,126,102,228,1180,43,1223,1483,47,1530,1097,151,1248,3886,343,4229,115,70,185,1066,37,1103,1495,64,1559,1051,263,1314,3727,434,4161,116,41,157,1335,62,1397,1255,44,1299,1105,96,1201,3811,243,4054,113,26,139,904,0,904,1666,56,1722,1067,64,1131,3750,146,3896,2634,84,2718,885,20,905
40,34,ISTANBUL,TR1,Istanbul,TR10,1,2720,8126,10846,26807,9274,36081,19526,7606,27132,22652,12565,35217,71705,37571,109276,2086,7986,10072,26031,9727,35758,19547,7562,27109,21700,12239,33939,69364,37514,106878,2338,8207,10545,26150,8815,34965,19445,7505,26950,21290,12945,34235,69223,37472,106695,2053,7823,9876,25654,9036,34690,18828,7621,26449,20791,13745,34536,67326,38225,105551,1798,7349,9147,24669,8606,33275,19521,6380,25901,20864,11656,32520,66852,33991,100843,1571,6677,8248,24557,7758,32315,19068,4666,23734,19219,10321,29540,64415,29422,93837,987,4053,5040,23284,7244,30528,17467,4255,21722,17437,10602,28039,59175,26154,85329,593,2933,3526,23163,5101,28264,16141,3187,19328,16276,5997,22273,56173,17218,73391,490,3083,3573,26907,4240,31147,12855,3040,15895,15450,5076,20526,55702,15439,71141,36116,9274,45390,8944,3500,12444
41,35,IZMIR,TR3,Ege,TR31,1,773,2304,3077,8188,2212,10400,6273,1782,8055,6875,2874,9749,22109,9172,31281,600,2259,2859,8348,2282,10630,6177,1912,8089,6825,2815,9640,21950,9268,31218,672,2364,3036,8407,2185,10592,6283,1869,8152,6713,2910,9623,22075,9328,31403,619,2245,2864,8271,2288,10559,6198,1705,7903,6750,2874,9624,21838,9112,30950,608,2154,2762,8257,1902,10159,6294,1590,7884,6635,2326,8961,21794,7972,29766,496,1892,2388,8151,1644,9795,6190,1174,7364,6378,2152,8530,21215,6862,28077,365,1104,1469,8017,1529,9546,5663,1194,6857,5831,2526,8357,19876,6353,26229,362,706,1068,7690,1063,8753,5383,821,6204,5698,1401,7099,19133,3991,23124,325,842,1167,8040,1007,9047,4977,685,5662,5482,955,6437,18824,3489,22313,13095,2297,15392,3649,1279,4928
42,46,KAHRAMANMARAS,TR6,Akdeniz,TR63,1,400,181,581,3711,140,3851,3135,379,3514,2882,483,3365,10128,1183,11311,297,169,466,3603,102,3705,3179,442,3621,2668,428,3096,9747,1141,10888,313,211,524,3549,122,3671,3086,471,3557,2610,438,3048,9558,1242,10800,272,198,470,3581,154,3735,3101,412,3513,2540,441,2981,9494,1205,10699,264,160,424,3697,76,3773,3121,269,3390,2450,371,2821,9532,876,10408,225,93,318,3679,54,3733,3010,260,3270,2261,237,2498,9175,644,9819,172,52,224,3520,113,3633,2727,226,2953,2122,394,2516,8541,785,9326,176,31,207,3173,46,3219,2428,73,2501,1800,159,1959,7577,309,7886,144,30,174,3353,93,3446,2209,247,2456,1766,203,1969,7472,573,8045,5431,332,5763,1089,54,1143
43,78,KARABUK,TR8,Bati Karadeniz,TR81,0,98,47,145,502,58,560,540,41,581,685,62,747,1825,208,2033,77,16,93,514,72,586,553,61,614,686,86,772,1830,235,2065,93,19,112,519,70,589,549,61,610,687,74,761,1848,224,2072,82,19,101,561,48,609,568,28,596,692,44,736,1903,139,2042,88,19,107,559,44,603,617,39,656,666,38,704,1930,140,2070,88,19,107,575,41,616,637,32,669,704,36,740,2004,128,2132,53,20,73,573,47,620,601,34,635,616,42,658,1843,143,1986,34,15,49,586,46,632,566,8,574,586,17,603,1772,86,1858,27,12,39,611,32,643,582,23,605,535,17,552,1755,84,1839,1139,62,1201,393,10,403
44,70,KARAMAN,TR5,Bati Anadolu,TR52,0,113,72,185,1065,50,1115,680,139,819,750,108,858,2608,369,2977,91,53,144,1063,57,1120,671,146,817,782,108,890,2607,364,2971,100,63,163,1062,61,1123,674,105,779,780,80,860,2616,309,2925,92,52,144,1055,76,1131,602,93,695,777,89,866,2526,310,2836,83,44,127,1018,73,1091,622,91,713,775,97,872,2498,305,2803,77,40,117,1000,57,1057,597,94,691,757,91,848,2431,282,2713,52,30,82,983,30,1013,600,134,734,696,101,797,2331,295,2626,43,14,57,1033,30,1063,557,87,644,685,0,685,2318,131,2449,42,15,57,963,30,993,652,88,740,611,0,611,2268,133,2401,1561,96,1657,296,16,312
45,36,KARS,TRA,Kuzeydogu Anadolu,TRA2,0,87,28,115,1609,47,1656,984,38,1022,732,55,787,3412,168,3580,80,17,97,1596,47,1643,964,36,1000,774,55,829,3414,155,3569,82,21,103,1607,47,1654,979,36,1015,762,57,819,3430,161,3591,79,27,106,1561,45,1606,1047,36,1083,744,59,803,3431,167,3598,77,27,104,1578,28,1606,1066,23,1089,710,47,757,3431,125,3556,78,19,97,1575,29,1604,1151,21,1172,690,47,737,3494,116,3610,67,5,72,1567,59,1626,1028,23,1051,556,47,603,3218,134,3352,85,0,85,1534,51,1585,961,8,969,605,28,633,3185,87,3272,63,1,64,1505,47,1552,934,39,973,525,16,541,3027,103,3130,2363,50,2413,302,7,309
46,37,KASTAMONU,TR8,Bati Karadeniz,TR82,0,155,66,221,1052,46,1098,855,40,895,945,83,1028,3007,235,3242,104,40,144,1034,33,1067,825,36,861,927,61,988,2890,170,3060,106,53,159,1007,41,1048,848,36,884,921,74,995,2882,204,3086,111,45,156,967,30,997,825,24,849,868,52,920,2771,151,2922,110,39,149,983,34,1017,787,24,811,859,56,915,2739,153,2892,91,40,131,1090,34,1124,869,23,892,865,53,918,2915,150,3065,67,27,94,1104,44,1148,828,33,861,821,54,875,2820,158,2978,56,28,84,1148,43,1191,695,31,726,827,13,840,2726,115,2841,48,22,70,1252,35,1287,555,30,585,746,13,759,2601,100,2701,1825,48,1873,599,0,599
47,38,KAYSERI,TR7,Orta Anadolu,TR72,1,609,325,934,4861,585,5446,2627,238,2865,3248,728,3976,11345,1876,13221,577,302,879,4786,583,5369,2631,217,2848,3174,716,3890,11168,1818,12986,560,329,889,4745,561,5306,2604,210,2814,3151,737,3888,11060,1837,12897,549,327,876,4565,608,5173,2516,191,2707,3068,852,3920,10698,1978,12676,473,275,748,4572,575,5147,2342,190,2532,3064,764,3828,10451,1804,12255,448,236,684,4530,456,4986,2218,145,2363,3095,628,3723,10291,1465,11756,389,194,583,4349,493,4842,1988,247,2235,2687,813,3500,9413,1747,11160,268,163,431,4379,451,4830,1864,96,1960,2676,328,3004,9187,1038,10225,250,134,384,4376,353,4729,1776,138,1914,2481,304,2785,8883,929,9812,6322,546,6868,1571,140,1711
48,79,KILIS,TRC,Guneydogu Anadolu,TRC1,0,77,31,108,676,0,676,665,32,697,484,94,578,1902,157,2059,53,9,62,625,0,625,616,61,677,469,60,529,1763,130,1893,62,16,78,550,0,550,593,25,618,430,18,448,1635,59,1694,78,17,95,527,0,527,600,26,626,413,0,413,1618,43,1661,79,14,93,514,5,519,650,26,676,412,0,412,1655,45,1700,65,14,79,519,5,524,584,27,611,402,0,402,1570,46,1616,36,6,42,431,0,431,472,62,534,349,0,349,1288,68,1356,30,3,33,360,0,360,447,45,492,321,0,321,1158,48,1206,26,4,30,299,0,299,492,46,538,285,0,285,1102,50,1152,836,47,883,172,0,172
49,71,KIRIKKALE,TR7,Orta Anadolu,TR71,0,123,75,198,875,116,991,739,140,879,657,128,785,2394,459,2853,105,70,175,866,124,990,734,147,881,684,205,889,2389,546,2935,133,66,199,882,82,964,688,154,842,706,209,915,2409,511,2920,112,51,163,893,81,974,633,157,790,731,218,949,2369,507,2876,88,52,140,919,83,1002,690,94,784,750,218,968,2447,447,2894,89,48,137,985,57,1042,680,81,761,777,168,945,2531,354,2885,58,41,99,993,86,1079,648,87,735,703,217,920,2402,431,2833,59,26,85,1028,93,1121,654,42,696,762,19,781,2503,180,2683,40,31,71,941,38,979,641,75,716,710,69,779,2332,213,2545,1867,136,2003,476,39,515
50,39,KIRKLARELI,TR2,Bati Marmara,TR21,0,124,86,210,955,87,1042,712,84,796,681,125,806,2472,382,2854,125,78,203,944,86,1030,729,78,807,679,131,810,2477,373,2850,129,91,220,898,94,992,730,79,809,694,119,813,2451,383,2834,98,61,159,914,65,979,721,49,770,683,153,836,2416,328,2744,73,44,117,964,54,1018,698,59,757,647,106,753,2382,263,2645,53,35,88,952,44,996,676,24,700,672,101,773,2353,204,2557,50,19,69,987,52,1039,632,53,685,645,111,756,2314,235,2549,42,14,56,956,36,992,653,46,699,618,91,709,2269,187,2456,41,17,58,1058,66,1124,581,18,599,589,54,643,2269,155,2424,1667,49,1716,474,20,494
51,40,KIRSEHIR,TR7,Orta Anadolu,TR71,0,93,52,145,805,38,843,575,48,623,754,142,896,2227,280,2507,88,57,145,837,42,879,611,59,670,743,149,892,2279,307,2586,86,51,137,836,42,878,600,45,645,713,133,846,2235,271,2506,80,48,128,808,38,846,589,43,632,689,170,859,2166,299,2465,75,49,124,816,45,861,604,52,656,683,127,810,2178,273,2451,67,27,94,877,60,937,603,31,634,637,130,767,2184,248,2432,64,13,77,907,54,961,529,26,555,592,157,749,2092,250,2342,60,15,75,931,29,960,462,0,462,588,40,628,2041,84,2125,57,3,60,1047,35,1082,339,0,339,620,32,652,2063,70,2133,1447,80,1527,324,15,339
52,41,KOCAELI,TR4,Dogu Marmara,TR42,1,900,914,1814,5705,916,6621,3909,826,4735,4089,1322,5411,14603,3978,18581,822,921,1743,5560,853,6413,3889,761,4650,4069,1182,5251,14340,3717,18057,840,881,1721,5437,922,6359,3763,772,4535,3794,1263,5057,13834,3838,17672,811,819,1630,5327,806,6133,3695,664,4359,3686,1153,4839,13519,3442,16961,751,767,1518,5155,701,5856,3691,616,4307,3735,848,4583,13332,2932,16264,691,610,1301,5048,592,5640,3619,515,4134,3525,780,4305,12883,2497,15380,335,341,676,4988,716,5704,3468,436,3904,3163,837,4000,11954,2330,14284,179,213,392,4783,500,5283,3568,168,3736,3059,350,3409,11589,1231,12820,127,187,314,4255,442,4697,3202,135,3337,2818,410,3228,10402,1174,11576,7394,691,8085,1602,193,1795
53,42,KONYA,TR5,Bati Anadolu,TR52,1,935,650,1585,6915,635,7550,5320,590,5910,5690,928,6618,18860,2803,21663,709,434,1143,6868,683,7551,5435,508,5943,5579,953,6532,18591,2578,21169,680,485,1165,6896,655,7551,5364,481,5845,5295,989,6284,18235,2610,20845,629,464,1093,6867,611,7478,5494,463,5957,4994,934,5928,17984,2472,20456,650,525,1175,6969,562,7531,5417,401,5818,5097,911,6008,18133,2399,20532,520,511,1031,6849,520,7369,5161,264,5425,4943,763,5706,17473,2058,19531,246,251,497,6769,544,7313,4758,350,5108,4673,778,5451,16446,1923,18369,196,257,453,6814,451,7265,4623,268,4891,3342,299,3641,14975,1275,16250,157,235,392,6512,469,6981,4431,193,4624,3682,337,4019,14782,1234,16016,10813,772,11585,2287,235,2522
54,43,KUTAHYA,TR3,Ege,TR33,0,204,211,415,1768,182,1950,1244,175,1419,1374,173,1547,4590,741,5331,157,208,365,1796,180,1976,1276,156,1432,1410,141,1551,4639,685,5324,160,197,357,1812,164,1976,1476,159,1635,1463,169,1632,4911,689,5600,159,193,352,1787,176,1963,1521,152,1673,1439,156,1595,4906,677,5583,140,156,296,1848,156,2004,1512,83,1595,1440,165,1605,4940,560,5500,128,119,247,1847,128,1975,1449,164,1613,1383,83,1466,4807,494,5301,112,73,185,1955,147,2102,1382,148,1530,1333,134,1467,4782,502,5284,69,54,123,1741,71,1812,1274,91,1365,1249,27,1276,4333,243,4576,84,41,125,1758,107,1865,1314,100,1414,1291,42,1333,4447,290,4737,3088,239,3327,872,33,905
55,44,MALATYA,TRB,Ortadogu Anadolu,TRB1,1,302,230,532,2507,132,2639,1712,228,1940,2032,723,2755,6553,1313,7866,261,206,467,2415,132,2547,1773,292,2065,2007,695,2702,6456,1325,7781,260,226,486,2561,126,2687,1822,340,2162,2070,669,2739,6713,1361,8074,261,238,499,2503,119,2622,1787,357,2144,1910,724,2634,6461,1438,7899,248,204,452,2499,95,2594,1919,233,2152,1841,510,2351,6507,1042,7549,201,197,398,2468,71,2539,1919,208,2127,1701,448,2149,6289,924,7213,158,110,268,2456,165,2621,1642,227,1869,1639,542,2181,5895,1044,6939,132,93,225,2354,130,2484,1541,164,1705,1706,281,1987,5733,668,6401,139,81,220,2455,132,2587,1356,131,1487,1597,157,1754,5547,501,6048,3983,281,4264,1150,85,1235
56,45,MANISA,TR3,Ege,TR33,1,366,415,781,4158,403,4561,2954,245,3199,2764,514,3278,10242,1577,11819,315,382,697,4099,366,4465,2993,263,3256,2746,517,3263,10153,1528,11681,297,414,711,4264,401,4665,3066,296,3362,2761,507,3268,10388,1618,12006,277,339,616,4244,462,4706,3087,264,3351,2775,532,3307,10383,1597,11980,246,303,549,4151,310,4461,3057,327,3384,2771,488,3259,10225,1428,11653,243,341,584,4099,247,4346,3095,248,3343,2725,368,3093,10162,1204,11366,201,190,391,4198,307,4505,2870,381,3251,2459,488,2947,9728,1366,11094,176,137,313,4512,242,4754,2699,165,2864,2476,261,2737,9863,805,10668,154,135,289,4647,257,4904,2031,161,2192,2415,191,2606,9247,744,9991,6444,496,6940,1383,217,1600
57,47,MARDIN,TRC,Guneydogu Anadolu,TRC3,1,208,68,276,3619,97,3716,2361,128,2489,2200,430,2630,8388,723,9111,162,48,210,3469,107,3576,2249,150,2399,2158,394,2552,8038,699,8737,176,70,246,3310,94,3404,2104,147,2251,2089,300,2389,7679,611,8290,168,73,241,3210,98,3308,2025,141,2166,1956,348,2304,7359,660,8019,161,52,213,3495,67,3562,2073,91,2164,2064,299,2363,7793,509,8302,146,21,167,3242,36,3278,1992,45,2037,1774,263,2037,7154,365,7519,118,21,139,3463,60,3523,2096,83,2179,1591,292,1883,7268,456,7724,116,11,127,2982,41,3023,1390,34,1424,1465,124,1589,5953,210,6163,86,13,99,3384,49,3433,1035,39,1074,1295,85,1380,5800,186,5986,4387,95,4482,445,0,445
58,33,MERSIN,TR6,Akdeniz,TR62,1,577,649,1226,5754,806,6560,3037,624,3661,3861,1485,5346,13229,3564,16793,480,518,998,5719,814,6533,2986,667,3653,3853,1646,5499,13038,3645,16683,459,668,1127,5718,714,6432,2918,818,3736,3673,1813,5486,12768,4013,16781,427,527,954,5682,808,6490,2651,703,3354,3495,1560,5055,12255,3598,15853,395,548,943,5651,672,6323,2610,589,3199,3500,1179,4679,12156,2988,15144,377,448,825,5680,435,6115,2546,351,2897,3261,918,4179,11864,2152,14016,290,226,516,5646,572,6218,2127,257,2384,3095,1092,4187,11158,2147,13305,279,255,534,5671,427,6098,2072,198,2270,3085,525,3610,11107,1405,12512,283,213,496,6034,425,6459,1653,156,1809,2774,401,3175,10744,1195,11939,7567,744,8311,1993,361,2354
59,48,MUGLA,TR3,Ege,TR32,1,161,478,639,2740,368,3108,1937,410,2347,1840,555,2395,6678,1811,8489,138,405,543,2746,434,3180,1862,461,2323,1808,602,2410,6554,1902,8456,128,390,518,2758,399,3157,1856,415,2271,1778,570,2348,6520,1774,8294,119,359,478,2729,382,3111,1808,411,2219,1810,575,2385,6466,1727,8193,117,356,473,2793,392,3185,1904,368,2272,1781,500,2281,6595,1616,8211,111,354,465,2837,267,3104,1854,266,2120,1771,453,2224,6573,1340,7913,95,190,285,2761,253,3014,1789,338,2127,1641,462,2103,6286,1243,7529,81,150,231,2588,251,2839,1703,157,1860,1606,97,1703,5978,655,6633,71,174,245,2552,206,2758,1840,199,2039,1458,128,1586,5921,707,6628,4676,541,5217,866,153,1019
60,49,MUS,TRB,Ortadogu Anadolu,TRB2,0,109,39,148,2331,16,2347,1545,41,1586,1048,160,1208,5033,256,5289,91,21,112,2332,32,2364,1546,41,1587,1026,156,1182,4995,250,5245,89,23,112,2400,16,2416,1506,30,1536,933,108,1041,4928,177,5105,89,19,108,2323,0,2323,1452,15,1467,952,83,1035,4816,117,4933,78,30,108,2356,0,2356,1557,11,1568,1008,74,1082,4999,115,5114,75,11,86,2407,0,2407,1621,14,1635,861,76,937,4964,101,5065,70,11,81,2316,14,2330,1529,19,1548,800,100,900,4715,144,4859,75,7,82,2424,12,2436,1190,7,1197,739,0,739,4428,26,4454,68,3,71,2273,11,2284,823,19,842,653,0,653,3817,33,3850,3071,33,3104,222,0,222
61,50,NEVSEHIR,TR7,Orta Anadolu,TR71,0,153,109,262,1078,80,1158,1080,82,1162,769,165,934,3080,436,3516,128,92,220,1082,79,1161,1103,81,1184,771,182,953,3084,434,3518,120,91,211,1103,79,1182,1110,82,1192,762,168,930,3095,420,3515,118,102,220,1092,66,1158,1114,77,1191,748,184,932,3072,429,3501,117,86,203,1088,49,1137,1126,62,1188,726,144,870,3057,341,3398,99,87,186,1099,47,1146,1078,55,1133,731,97,828,3007,286,3293,64,40,104,1127,56,1183,968,59,1027,675,159,834,2834,314,3148,59,19,78,1052,61,1113,971,34,1005,578,95,673,2660,209,2869,43,17,60,1023,32,1055,922,65,987,614,88,702,2602,202,2804,2012,102,2114,474,32,506
62,51,NIGDE,TR7,Orta Anadolu,TR71,0,137,66,203,1430,47,1477,1385,37,1422,1011,50,1061,3963,200,4163,74,58,132,1407,35,1442,1383,29,1412,987,73,1060,3851,195,4046,96,73,169,1361,35,1396,1443,29,1472,983,84,1067,3883,221,4104,70,57,127,1197,28,1225,1471,39,1510,956,77,1033,3694,201,3895,81,50,131,1174,30,1204,1465,32,1497,939,95,1034,3659,207,3866,106,50,156,1137,28,1165,1470,23,1493,885,64,949,3598,165,3763,65,21,86,1111,48,1159,1446,34,1480,765,101,866,3387,204,3591,62,22,84,1142,45,1187,1501,39,1540,784,33,817,3489,139,3628,54,29,83,1114,34,1148,1371,25,1396,758,34,792,3297,122,3419,2470,80,2550,457,35,492
63,52,ORDU,TR9,Dogu Karadeniz,TR90,1,260,210,470,2121,61,2182,1622,72,1694,1817,324,2141,5820,667,6487,223,146,369,2057,100,2157,1643,103,1746,1780,372,2152,5703,721,6424,240,173,413,2072,103,2175,1761,98,1859,1742,349,2091,5815,723,6538,192,143,335,2088,87,2175,1710,117,1827,1694,424,2118,5684,771,6455,190,142,332,1962,65,2027,1800,84,1884,1730,393,2123,5682,684,6366,165,123,288,1960,74,2034,1767,36,1803,1659,328,1987,5551,561,6112,113,63,176,2026,97,2123,1647,50,1697,1643,328,1971,5429,538,5967,90,64,154,1872,65,1937,1641,25,1666,1552,143,1695,5155,297,5452,80,50,130,2133,44,2177,1573,26,1599,1400,174,1574,5186,294,5480,3823,90,3913,848,94,942
64,80,OSMANIYE,TR6,Akdeniz,TR63,0,168,108,276,1980,144,2124,1535,174,1709,1329,303,1632,5012,729,5741,153,99,252,1916,155,2071,1519,170,1689,1305,321,1626,4893,745,5638,163,115,278,1893,144,2037,1548,183,1731,1324,321,1645,4928,763,5691,118,90,208,1762,97,1859,1316,117,1433,1193,353,1546,4389,657,5046,122,90,212,1768,107,1875,1359,140,1499,1226,323,1549,4475,660,5135,126,79,205,1763,90,1853,1305,129,1434,1126,298,1424,4320,596,4916,100,49,149,1828,86,1914,1165,195,1360,1072,322,1394,4165,652,4817,84,29,113,1553,43,1596,1014,57,1071,1055,122,1177,3706,251,3957,68,20,88,1795,45,1840,726,107,833,880,65,945,3469,237,3706,2510,133,2643,535,46,581
65,53,RIZE,TR9,Dogu Karadeniz,TR90,0,167,46,213,1209,92,1301,755,122,877,1068,177,1245,3199,437,3636,110,50,160,1200,77,1277,779,95,874,1058,135,1193,3147,357,3504,150,59,209,1233,76,1309,784,92,876,999,125,1124,3166,352,3518,139,38,177,1270,43,1313,792,53,845,1005,104,1109,3206,238,3444,136,56,192,1322,37,1359,810,41,851,964,87,1051,3232,221,3453,122,39,161,1324,36,1360,791,42,833,986,84,1070,3223,201,3424,96,26,122,1211,85,1296,708,53,761,1037,147,1184,3052,311,3363,73,25,98,1266,60,1326,768,27,795,962,37,999,3069,149,3218,59,20,79,1391,65,1456,587,30,617,995,32,1027,3032,147,3179,1986,109,2095,574,34,608
66,54,SAKARYA,TR4,Dogu Marmara,TR42,1,473,381,854,2282,452,2734,2567,447,3014,2196,566,2762,7518,1846,9364,307,282,589,2201,475,2676,2603,453,3056,2108,593,2701,7219,1803,9022,399,359,758,2211,377,2588,2653,485,3138,2070,613,2683,7333,1834,9167,356,400,756,2202,355,2557,2664,449,3113,2073,521,2594,7295,1725,9020,336,357,693,2175,235,2410,2547,447,2994,1885,344,2229,6943,1383,8326,265,321,586,2235,187,2422,2507,287,2794,1670,293,1963,6677,1088,7765,180,147,327,2273,195,2468,2328,312,2640,1567,320,1887,6348,974,7322,127,129,256,2096,236,2332,2383,153,2536,1519,236,1755,6125,754,6879,91,111,202,1927,206,2133,2495,102,2597,1415,168,1583,5928,587,6515,4248,369,4617,858,60,918
67,55,SAMSUN,TR8,Bati Karadeniz,TR83,1,440,627,1067,3938,423,4361,3413,413,3826,2943,862,3805,10734,2325,13059,331,501,832,3890,419,4309,3404,449,3853,2954,785,3739,10579,2154,12733,330,520,850,3863,370,4233,3281,393,3674,2960,680,3640,10434,1963,12397,305,438,743,3792,405,4197,3145,484,3629,2903,640,3543,10145,1967,12112,300,395,695,3639,305,3944,3204,431,3635,2856,485,3341,9999,1616,11615,314,307,621,3539,234,3773,3181,265,3446,2684,409,3093,9718,1215,10933,228,198,426,3799,209,4008,2732,254,2986,2631,492,3123,9390,1153,10543,160,185,345,3790,225,4015,2811,130,2941,2515,274,2789,9276,814,10090,109,132,241,3488,172,3660,2747,114,2861,2426,211,2637,8770,629,9399,6235,368,6603,1304,152,1456
68,63,SANLIURFA,TRC,Guneydogu Anadolu,TRC2,1,513,182,695,8516,274,8790,6464,432,6896,5128,1266,6394,20621,2154,22775,443,102,545,8471,208,8679,6134,518,6652,4979,1311,6290,20027,2139,22166,450,169,619,8352,226,8578,6086,441,6527,4917,1124,6041,19805,1960,21765,401,177,578,8680,250,8930,5178,474,5652,4840,878,5718,19099,1779,20878,390,161,551,7279,152,7431,5243,295,5538,4948,712,5660,17860,1320,19180,394,122,516,7213,120,7333,4960,265,5225,4126,537,4663,16693,1044,17737,339,70,409,7366,184,7550,4611,167,4778,3953,704,4657,16269,1125,17394,320,48,368,7184,144,7328,3719,100,3819,3564,336,3900,14787,628,15415,317,55,372,7790,128,7918,1381,82,1463,2511,259,2770,11999,524,12523,8993,210,9203,756,86,842
69,56,SIIRT,TRC,Guneydogu Anadolu,TRC3,0,134,6,140,1840,39,1879,900,44,944,995,145,1140,3869,234,4103,127,4,131,1878,21,1899,910,38,948,966,116,1082,3881,179,4060,126,6,132,1791,39,1830,924,43,967,936,119,1055,3777,207,3984,115,6,121,1805,31,1836,933,46,979,843,171,1014,3696,254,3950,115,4,119,1863,32,1895,979,48,1027,790,171,961,3747,255,4002,99,4,103,1803,35,1838,974,50,1024,669,118,787,3545,207,3752,87,14,101,1647,28,1675,798,0,798,725,114,839,3257,156,3413,79,10,89,1702,19,1721,792,0,792,701,38,739,3274,67,3341,72,11,83,1681,16,1697,555,0,555,559,44,603,2867,71,2938,2280,26,2306,208,0,208
70,57,SINOP,TR8,Bati Karadeniz,TR82,0,81,36,117,661,23,684,458,21,479,568,12,580,1768,92,1860,71,27,98,659,25,684,443,25,468,581,12,593,1754,89,1843,74,30,104,679,25,704,470,25,495,567,12,579,1790,92,1882,66,29,95,685,9,694,480,7,487,567,26,593,1798,71,1869,65,31,96,687,0,687,512,0,512,535,36,571,1799,67,1866,63,24,87,721,0,721,490,0,490,505,14,519,1779,38,1817,55,17,72,679,20,699,473,0,473,491,62,553,1698,99,1797,44,15,59,665,16,681,420,0,420,533,0,533,1662,31,1693,33,9,42,794,29,823,397,0,397,539,0,539,1763,38,1801,1184,42,1226,410,4,414
71,73,SIRNAK,TRC,Guneydogu Anadolu,TRC3,0,271,5,276,2288,69,2357,2074,78,2152,1432,394,1826,6065,546,6611,255,3,258,2122,58,2180,1991,83,2074,1385,345,1730,5753,489,6242,213,3,216,1863,88,1951,1848,92,1940,1285,311,1596,5209,494,5703,148,3,151,1767,67,1834,1827,98,1925,1215,254,1469,4957,422,5379,149,0,149,1756,13,1769,1765,29,1794,1410,165,1575,5080,207,5287,132,0,132,1874,32,1906,1877,14,1891,1062,78,1140,4945,124,5069,113,2,115,1086,22,1108,2385,41,2426,991,97,1088,4575,162,4737,103,1,104,1655,44,1699,2179,8,2187,905,4,909,4842,57,4899,125,2,127,1452,0,1452,2139,20,2159,733,6,739,4449,28,4477,4042,24,4066,180,0,180
72,58,SIVAS,TR7,Orta Anadolu,TR72,0,213,104,317,2261,112,2373,1688,187,1875,1686,213,1899,5848,616,6464,167,71,238,2289,70,2359,1649,168,1817,1684,236,1920,5789,545,6334,175,93,268,2406,80,2486,1671,184,1855,1611,225,1836,5863,582,6445,165,99,264,2308,83,2391,1614,89,1703,1548,251,1799,5635,522,6157,151,103,254,2419,83,2502,1720,86,1806,1602,236,1838,5892,508,6400,139,89,228,2439,77,2516,1691,90,1781,1524,222,1746,5793,478,6271,116,45,161,2519,75,2594,1583,82,1665,1507,211,1718,5725,413,6138,108,55,163,2305,65,2370,1611,24,1635,1517,139,1656,5541,283,5824,67,47,114,2452,37,2489,1555,41,1596,1271,113,1384,5345,238,5583,4027,111,4138,908,64,972
73,59,TEKIRDAG,TR2,Bati Marmara,TR21,1,297,443,740,2419,372,2791,1564,297,1861,2067,498,2565,6347,1610,7957,258,421,679,2425,369,2794,1539,309,1848,2102,528,2630,6324,1627,7951,280,434,714,2454,363,2817,1478,308,1786,2023,524,2547,6235,1629,7864,241,375,616,2427,252,2679,1406,273,1679,1833,623,2456,5907,1523,7430,225,362,587,2421,243,2664,1399,253,1652,1841,508,2349,5886,1366,7252,204,300,504,2454,219,2673,1388,180,1568,1765,463,2228,5811,1162,6973,156,188,344,2301,191,2492,1315,147,1462,1539,577,2116,5311,1103,6414,118,157,275,2191,138,2329,1321,39,1360,1433,294,1727,5063,628,5691,123,113,236,2191,71,2262,1156,87,1243,1365,199,1564,4835,470,5305,3464,346,3810,836,80,916
74,60,TOKAT,TR8,Bati Karadeniz,TR83,0,225,64,289,1619,94,1713,1383,78,1461,1247,207,1454,4474,443,4917,191,46,237,1726,88,1814,1451,75,1526,1293,203,1496,4661,412,5073,211,68,279,2019,94,2113,1548,83,1631,1418,198,1616,5196,443,5639,180,72,252,2029,93,2122,1541,107,1648,1350,235,1585,5100,507,5607,182,81,263,2091,70,2161,1549,79,1628,1352,248,1600,5174,478,5652,144,83,227,2255,75,2330,1640,78,1718,1357,211,1568,5396,447,5843,109,63,172,2302,61,2363,1570,70,1640,1236,133,1369,5217,327,5544,73,36,109,2267,73,2340,1373,15,1388,1267,26,1293,4980,150,5130,63,24,87,2636,8,2644,1422,44,1466,1291,0,1291,5412,76,5488,4006,59,4065,801,11,812
75,61,TRABZON,TR9,Dogu Karadeniz,TR90,1,331,194,525,2596,158,2754,1828,131,1959,2262,229,2491,7017,712,7729,285,172,457,2517,166,2683,1791,111,1902,2181,229,2410,6774,678,7452,306,184,490,2576,123,2699,1793,110,1903,2192,241,2433,6867,658,7525,249,159,408,2550,168,2718,1796,144,1940,2072,261,2333,6667,732,7399,234,172,406,2611,157,2768,1832,154,1986,2093,254,2347,6770,737,7507,219,167,386,2591,121,2712,1788,68,1856,2030,178,2208,6628,534,7162,162,91,253,2523,135,2658,1767,58,1825,1864,175,2039,6316,459,6775,141,60,201,2592,124,2716,1732,22,1754,1831,67,1898,6296,273,6569,140,85,225,2752,131,2883,1533,16,1549,1826,71,1897,6251,303,6554,4264,226,4490,1191,71,1262
76,62,TUNCELI,TRB,Ortadogu Anadolu,TRB1,0,64,5,69,238,0,238,166,0,166,234,0,234,702,5,707,59,0,59,232,12,244,164,4,168,230,2,232,685,18,703,56,0,56,229,23,252,164,0,164,244,13,257,693,36,729,48,0,48,230,23,253,159,0,159,261,4,265,698,27,725,51,0,51,246,23,269,178,0,178,252,8,260,727,31,758,45,0,45,265,23,288,179,0,179,279,0,279,768,23,791,30,7,37,260,32,292,154,8,162,260,16,276,704,63,767,35,6,41,240,33,273,138,17,155,268,8,276,681,64,745,29,7,36,251,9,260,146,10,156,226,12,238,652,38,690,439,37,476,198,4,202
77,64,USAK,TR3,Ege,TR33,0,131,165,296,1102,27,1129,870,44,914,809,150,959,2912,386,3298,107,146,253,1110,32,1142,855,52,907,799,144,943,2871,374,3245,110,166,276,1139,36,1175,871,51,922,802,137,939,2922,390,3312,67,165,232,1114,30,1144,859,51,910,819,107,926,2859,353,3212,61,150,211,1138,24,1162,882,51,933,734,99,833,2815,324,3139,36,116,152,1127,15,1142,886,50,936,806,94,900,2855,275,3130,39,64,103,1117,31,1148,837,70,907,751,129,880,2744,294,3038,34,49,83,1128,0,1128,812,36,848,653,19,672,2627,104,2731,30,43,73,1137,33,1170,742,50,792,680,28,708,2589,154,2743,2059,100,2159,450,8,458
78,65,VAN,TRB,Ortadogu Anadolu,TRB2,1,241,83,324,5576,207,5783,2562,208,2770,2965,575,3540,11344,1073,12417,213,77,290,5425,167,5592,2571,213,2784,2960,598,3558,11169,1055,12224,218,82,300,5449,186,5635,2534,174,2708,2885,475,3360,11086,917,12003,209,83,292,5369,178,5547,2465,102,2567,2610,308,2918,10653,671,11324,219,71,290,5185,183,5368,2365,79,2444,2503,252,2755,10272,585,10857,217,43,260,5305,128,5433,2275,45,2320,2405,190,2595,10202,406,10608,164,26,190,5528,118,5646,2665,136,2801,2259,206,2465,10616,486,11102,153,24,177,4931,110,5041,2292,65,2357,2192,63,2255,9568,262,9830,133,12,145,5140,76,5216,1452,146,1598,1810,148,1958,8535,382,8917,5880,171,6051,455,42,497
79,77,YALOVA,TR4,Dogu Marmara,TR42,0,100,144,244,770,116,886,498,113,611,595,149,744,1963,522,2485,55,125,180,746,131,877,497,120,617,624,139,763,1922,515,2437,69,128,197,733,92,825,502,112,614,535,154,689,1839,486,2325,49,121,170,732,109,841,494,110,604,486,143,629,1761,483,2244,48,101,149,730,79,809,498,95,593,501,94,595,1777,369,2146,43,81,124,728,77,805,502,88,590,466,92,558,1739,338,2077,40,47,87,756,69,825,458,94,552,416,64,480,1670,274,1944,34,23,57,720,46,766,333,21,354,393,55,448,1480,145,1625,29,25,54,780,38,818,339,48,387,427,43,470,1575,154,1729,1072,111,1183,283,22,305
80,66,YOZGAT,TR7,Orta Anadolu,TR72,0,147,47,194,2031,46,2077,863,21,884,1372,88,1460,4413,202,4615,111,19,130,2088,49,2137,886,42,928,1354,100,1454,4439,210,4649,121,40,161,2106,51,2157,902,38,940,1352,98,1450,4481,227,4708,122,27,149,2093,94,2187,906,17,923,1310,120,1430,4431,258,4689,118,38,156,2103,42,2145,913,53,966,1358,123,1481,4492,256,4748,96,37,133,2267,60,2327,897,13,910,1332,125,1457,4592,235,4827,88,12,100,2193,13,2206,844,60,904,1255,100,1355,4380,185,4565,70,15,85,2615,55,2670,756,0,756,1271,30,1301,4712,100,4812,72,16,88,2749,21,2770,604,10,614,1259,13,1272,4684,60,4744,2699,30,2729,792,0,792
81,67,ZONGULDAK,TR8,Bati Karadeniz,TR81,0,182,143,325,1504,126,1630,1590,97,1687,1435,127,1562,4711,493,5204,148,79,227,1524,109,1633,1575,71,1646,1442,136,1578,4689,395,5084,160,100,260,1517,95,1612,1599,64,1663,1456,135,1591,4732,394,5126,133,108,241,1541,134,1675,1589,64,1653,1414,132,1546,4677,438,5115,167,103,270,1591,99,1690,1577,41,1618,1368,144,1512,4703,387,5090,152,79,231,1505,89,1594,1614,28,1642,1421,143,1564,4692,339,5031,72,43,115,1466,168,1634,1578,8,1586,1254,160,1414,4370,379,4749,67,46,113,1473,144,1617,1551,33,1584,1235,63,1298,4326,286,4612,61,48,109,1210,121,1331,1763,15,1778,1146,73,1219,4180,257,4437,2941,168,3109,915,110,1025
